"Date","Rate","FEDFUNDS","M1_change","Unemployment","UMCSENT","Commodities_Price","Oil_Change","GoldPrice","MortgageRate"
1972-01-01,3.3,3.51,0.146310633591405,5.8,89.2,4,-1.3,47.15,7.4
1972-02-01,3.5,3.3,0.137909516380655,5.7,92.8,4,-1.3,48.2,7.31
1972-03-01,3.5,3.83,0.125865517771965,5.8,91.4,3.7,-1.3,48.38,7.23
1972-04-01,3.5,4.17,0.123481166464156,5.7,90,3.7,-1.3,49.6,7.33
1972-05-01,3.2,4.27,0.125243737813109,5.7,88.6,3.7,-1.3,59.45,7.4
1972-06-01,2.7,4.46,0.124219910846954,5.7,90.8,3.9,-1.3,64.65,7.38
1972-07-01,2.9,4.55,0.113301942319011,5.6,93,4.4,-1.3,68.3,7.4
1972-08-01,2.9,4.81,0.102261123267688,5.6,95.2,4.2,0,66.88,7.42
1972-09-01,3.2,4.87,0.088086642599278,5.5,93.7,5,0,64.2,7.43
1972-10-01,3.4,5.05,0.07975372279496,5.6,92.2,4.7,0,64.39,7.42
1972-11-01,3.7,5.06,0.0780584728924212,5.3,90.7,5.2,0,63.6,7.44
1972-12-01,3.4,5.33,0.0748979304519218,5.2,87.7666666666667,6.5,0,64.9,7.45
1973-01-01,3.6,5.94,0.0688309878779435,4.9,84.8333333333333,7.2,1.3,66,7.43
1973-02-01,3.9,6.58,0.0690367920628359,5,81.9,8.2,1.3,85,7.45
1973-03-01,4.6,7.09,0.0747102931152012,4.9,80.2666666666667,10.7,1.9,90,7.49
1973-04-01,5.1,7.12,0.0720476706392198,5,78.6333333333333,10.9,3.9,90.72,7.56
1973-05-01,5.5,7.84,0.0643078164940133,4.9,77,12.7,7.8,114.75,7.7
1973-06-01,6,8.49,0.0593570761637989,4.9,75.3333333333333,14.6,11,123.25,7.76
1973-07-01,5.7,10.4,0.0591178406846609,4.8,73.6666666666667,12.3,11.7,115.6,8.18
1973-08-01,7.4,10.5,0.0589306621568883,4.8,72,18.5,10.3,103.5,8.66
1973-09-01,7.4,10.78,0.0624437877425158,4.8,73.5,16.2,16.7,100,8.85
1973-10-01,7.8,10.01,0.0644300419367136,4.6,75,15.5,16.7,98,8.68
1973-11-01,8.3,10.03,0.0626023428643407,4.8,76.5,15.4,21.8,101,8.55
1973-12-01,8.7,9.95,0.0580830113423907,4.9,71.6,15.3,27.6,112.25,8.56
1974-01-01,9.4,9.65,0.0575095643588793,5.1,66.7,17.8,55.8,132.5,8.52
1974-02-01,10,8.97,0.0612946812430905,5.2,61.8,17.9,76.3,162.5,8.42
1974-03-01,10.4,9.35,0.067337176499448,5.1,65.2333333333333,16.6,75.2,173,8.41
1974-04-01,10.1,10.51,0.075881420031719,5.1,68.6666666666667,17,71.9,169.25,8.73
1974-05-01,10.7,11.31,0.0886550556361877,5.1,72.1,16.4,65.7,156.75,9.03
1974-06-01,10.9,11.93,0.102244089763591,5.4,69.5333333333333,14.3,60.8,144.25,9.1
1974-07-01,11.5,12.92,0.112014345487149,5.5,66.9666666666667,20.3,77.9,156,9.42
1974-08-01,10.9,12.01,0.118025751072961,5.5,64.4,17.7,78.5,156,9.74
1974-09-01,11.9,11.34,0.123436196830692,5.9,62.7666666666667,19.7,68.7,151.25,10.03
1974-10-01,12.1,10.06,0.12402088772846,6,61.1333333333333,22.9,69.2,167,9.94
1974-11-01,12.2,9.45,0.12757686417717,6.6,59.5,23.4,65.8,184,9.72
1974-12-01,12.3,8.53,0.133372296902396,7.2,58.8666666666667,20.9,52.8,186.5,9.56
1975-01-01,11.8,7.13,0.139932534605095,8.1,58.2333333333333,17.1,25.1,175.8,9.29
1975-02-01,11.2,6.24,0.146031011339968,8.1,57.6,14.4,13.5,181.75,9.02
1975-03-01,10.3,5.54,0.143661648086427,8.6,62.6666666666667,12.5,14.2,177.25,8.86
1975-04-01,10.2,5.49,0.144002749455837,8.8,67.7333333333333,12.7,15.3,167,8.84
1975-05-01,9.5,5.22,0.142007774982849,9,72.8,11.8,16,167,8.89
1975-06-01,9.4,5.55,0.130553656869446,8.8,73.7666666666667,11.5,26.9,166.25,8.9
1975-07-01,9.7,6.1,0.1261629226231,8.6,74.7333333333333,8.7,11.4,166.7,8.89
1975-08-01,8.6,6.14,0.130754439543038,8.4,75.7,5.5,13.7,159.8,9.02
1975-09-01,7.9,6.24,0.134361977700191,8.4,75.6666666666667,6.3,13.7,141.25,9.14
1975-10-01,7.4,5.82,0.142393372887048,8.4,75.6333333333333,5.1,14.3,142.9,9.24
1975-11-01,7.4,5.22,0.146116180725573,8.3,75.6,3.7,13,138.15,9.11
1975-12-01,6.9,5.2,0.150537634408602,8.2,78.6,4.2,17.8,140.25,9.09
1976-01-01,6.7,4.87,0.152929493545184,7.9,81.6,4.4,18.1,128.15,8.9
1976-02-01,6.3,4.77,0.150202384859425,7.7,84.6,4.7,5.8,132.3,8.75
1976-03-01,6.1,4.84,0.14972972972973,7.6,84.1666666666667,5.4,5.4,129.6,8.75
1976-04-01,6,4.82,0.14843332263929,7.7,83.7333333333333,5.4,5.4,128.4,8.75
1976-05-01,6.2,5.29,0.144424517354151,7.4,83.3,5,5,125.5,8.78
1976-06-01,6,5.48,0.145586708203531,7.6,85.4333333333333,5.5,-3.2,123.8,8.9
1976-07-01,5.4,5.31,0.143985232283868,7.8,87.5666666666667,4.9,1.8,112.5,8.98
1976-08-01,5.7,5.29,0.140677448886176,7.8,89.7,4.1,-0.6,104,9
1976-09-01,5.5,5.25,0.136560766515381,7.6,88.8,4,-0.6,116,8.97
1976-10-01,5.5,5.02,0.129284425736621,7.7,87.9,3.5,2.6,123.15,8.9
1976-11-01,4.9,4.95,0.123348892640779,7.8,87,4.2,1.4,130.25,8.8
1976-12-01,4.9,4.65,0.116414091714229,7.8,87.0333333333333,4.7,0.8,134.5,8.78
1977-01-01,5.2,4.61,0.111533216442626,7.5,87.0666666666667,4.8,-0.3,132.3,8.73
1977-02-01,5.9,4.68,0.103720080745939,7.6,87.1,6,13.3,142.75,8.65
1977-03-01,6.4,4.69,0.0987619047619048,7.4,88.1333333333333,6.8,11.2,148.9,8.7
1977-04-01,7,4.73,0.0950226244343893,7.2,89.1666666666667,7.1,10.8,147.25,8.78
1977-05-01,6.7,5.35,0.0946740042906445,7,90.2,7.2,10.4,142.95,8.85
1977-06-01,6.9,5.39,0.0934484038604306,7.2,89.8,6.2,9.8,143,8.88
1977-07-01,6.8,5.42,0.089662155942189,6.9,89.4,5.7,6.3,144.1,8.93
1977-08-01,6.6,5.9,0.0878310730863748,7,89,5.9,7.5,146,8.93
1977-09-01,6.6,6.14,0.0889449045732805,6.8,87.4666666666667,5.7,8.4,154.05,8.9
1977-10-01,6.4,6.47,0.0873777777777777,6.8,85.9333333333333,6,5.3,161.5,8.9
1977-11-01,6.7,6.51,0.0849587067299243,6.8,84.4,6.1,6.9,160.05,8.93
1977-12-01,6.7,6.56,0.0830729166666667,6.4,84.05,5.9,8.9,164.95,9
1978-01-01,6.8,6.7,0.0788705801579127,6.4,83.7,6.4,10.1,175.75,9.05
1978-02-01,6.4,6.78,0.0783797554347826,6.3,84.3,6.3,5.6,182.25,9.15
1978-03-01,6.6,6.79,0.0804375262936474,6.3,78.8,6.2,8.7,181.6,9.25
1978-04-01,6.5,6.89,0.0847782594198065,6.1,81.6,6.3,8.4,170.85,9.43
1978-05-01,7,7.36,0.082464846980976,6,82.9,6.6,8.9,184.15,9.68
1978-06-01,7.4,7.6,0.085810477910987,5.9,80,7.7,10,183.05,9.73
1978-07-01,7.7,7.81,0.0902421129860602,6.2,82.4,8.1,11.7,200.25,9.75
1978-08-01,7.8,8.04,0.0914308811641066,5.9,78.4,8.3,10.7,208.7,9.8
1978-09-01,8.3,8.45,0.0875461402664098,6,80.4,8.7,10.9,217.1,9.78
1978-10-01,8.9,8.96,0.0862041467304626,5.8,79.3,9.5,10.3,242.6,9.88
1978-11-01,8.9,9.76,0.0846007604562739,5.9,75,9.6,9.6,193.4,10.28
1978-12-01,9,10.03,0.0847831220971424,6,66.1,9.8,8.4,226,10.38
1979-01-01,9.3,10.07,0.0868172227865907,5.9,72.1,10.5,9.4,233.7,10.4
1979-02-01,9.9,10.06,0.0908595877090626,5.9,73.9,11,11.1,251.3,10.4
1979-03-01,10.1,10.09,0.0866738894907909,5.8,68.4,11.3,10.5,240.1,10.45
1979-04-01,10.5,10.01,0.0769763149800062,5.8,66,11.4,11,245.3,10.53
1979-05-01,10.9,10.24,0.0779091949637542,5.6,68.1,11.5,13.6,274.6,10.75
1979-06-01,10.9,10.29,0.0805460750853243,5.7,65.8,11.4,19.1,277.5,11.1
1979-07-01,11.3,10.47,0.0836039574050299,5.7,60.4,12.5,22.6,296.45,11.08
1979-08-01,11.8,10.94,0.0861642294713161,6,64.5,13.1,27.4,315.1,11.13
1979-09-01,12.2,11.43,0.0891449814126395,5.9,66.7,13.9,38.1,397.25,11.35
1979-10-01,12.1,13.77,0.0919914220217406,6,62.1,14.3,42,382,12
1979-11-01,12.6,13.18,0.0955779560002942,5.9,63.3,14.6,45.2,415.65,12.9
1979-12-01,13.3,13.78,0.0923133235724743,6,61,14.7,50.7,512,12.9
1980-01-01,13.9,13.82,0.0905511811023622,6.3,67,15.4,62.4,653,12.89
1980-02-01,14.2,14.13,0.0900711278850342,6.3,66.9,16,59.9,637,13.59
1980-03-01,14.8,17.19,0.0985732814526589,6.3,56.5,15.4,61.3,494.5,16.03
1980-04-01,14.7,17.61,0.111974894800656,6.9,52.7,14.2,63.6,518,16.25
1980-05-01,14.4,10.98,0.107715217699617,7.5,51.7,13.9,60.7,535.5,13.2
1980-06-01,14.4,9.47,0.0991567111735769,7.6,58.7,13.7,54.1,653.5,12.35
1980-07-01,13.1,9.03,0.0950655143574018,7.8,62.3,14,48.9,614.25,12.18
1980-08-01,12.9,9.61,0.0918014655053228,7.7,67.3,14.9,47,631.25,12.95
1980-09-01,12.6,10.87,0.0907778007014648,7.5,73.7,13.3,35.2,666.75,13.43
1980-10-01,12.8,12.81,0.0938099150917557,7.5,75,13,32.8,629,14
1980-11-01,12.6,15.85,0.0957091206767173,7.5,76.7,12.8,33.4,619.75,14.28
1980-12-01,12.5,18.9,0.105652439438149,7.2,64.5,12.5,34.4,589.75,14.95
1981-01-01,11.8,19.08,0.110271801443313,7.5,71.4,11.7,37.3,506.5,15.07
1981-02-01,11.4,15.93,0.104241937642178,7.4,66.9,10.6,63.7,489,15.3
1981-03-01,10.5,14.7,0.0999466595546073,7.4,66.5,10.9,61.2,513.75,15.4
1981-04-01,10,15.72,0.0963253894288377,7.2,72.4,11.6,57.8,482.75,15.77
1981-05-01,9.8,18.52,0.0999801626661377,7.5,76.3,11.3,55.6,479.25,16.8
1981-06-01,9.6,19.1,0.101817944023019,7.5,73.1,11,48.6,426,16.62
1981-07-01,10.8,19.04,0.096797153024911,7.2,74.1,9.6,44.8,406,17.11
1981-08-01,10.8,17.82,0.0966378482228627,7.4,77.2,8.2,40.6,425,17.48
1981-09-01,11,15.87,0.0968233799237612,7.6,73.1,7.7,39.5,428.75,18.36
1981-10-01,10.1,15.08,0.0933240787481071,7.9,70.3,6.6,36.1,427,18.44
1981-11-01,9.6,13.31,0.0924927935831559,8.3,62.5,6,30.9,414.5,17.21
1981-12-01,8.9,12.37,0.0940117514689337,8.5,64.3,5.3,24.3,397.5,17.04
1982-01-01,8.4,13.22,0.117617773352418,8.6,71,4.7,11.7,387,17.59
1982-02-01,7.6,14.78,0.13733242725644,8.9,66.5,3.9,-8.6,362.6,17.52
1982-03-01,6.8,14.68,0.139740926310644,9,62,2.7,-11.6,320,17.04
1982-04-01,6.5,14.94,0.135426711668274,9.3,65.5,1.6,-14.8,361.25,16.81
1982-05-01,6.7,14.45,0.136822497295998,9.4,67.5,1.5,-14.5,325.25,16.63
1982-06-01,7.1,14.15,0.136203077291505,9.6,65.7,1.5,-12,317.5,16.73
1982-07-01,6.4,12.59,0.13871217075926,9.8,65.4,1.4,-10,342.9,16.65
1982-08-01,5.9,10.12,0.13504101989022,9.8,65.4,1.3,-9.8,411.5,15.88
1982-09-01,5,10.31,0.131770222743259,10.1,69.3,1.2,-9.9,397,15.19
1982-10-01,5.1,9.71,0.133290742246486,10.4,73.4,1.3,-6.7,423.25,14.15
1982-11-01,4.6,9.2,0.131674442716433,10.8,72.1,1.5,-6.7,436,13.77
1982-12-01,3.8,8.95,0.123953289661065,10.8,71.9,1.7,-8.5,456.9,13.57
1983-01-01,3.7,8.68,0.100994125621328,10.4,70.4,0.5,-8.6,499.5,13.1
1983-02-01,3.5,8.51,0.0909551986475063,10.4,74.6,0.7,-10,408.5,12.98
1983-03-01,3.6,8.77,0.0895605933389307,10.3,80.8,0.8,-9,414.75,12.86
1983-04-01,3.9,8.8,0.0904152114862242,10.2,89.1,0.8,-5.5,429.25,12.73
1983-05-01,3.5,8.63,0.0886856891043296,10.1,93.3,1,-5.6,437.5,12.68
1983-06-01,2.6,8.98,0.088499452354874,10.1,92.2,1,-5.6,416,12.96
1983-07-01,2.5,9.37,0.0866502866502866,9.4,92.8,0.9,-6,422,13.65
1983-08-01,2.6,9.56,0.0847604595707783,9.5,90.9,1.5,-6,414.25,13.78
1983-09-01,2.9,9.45,0.0867412828239347,9.2,89.9,2,-5.9,405,13.65
1983-10-01,2.9,9.48,0.0854147724233836,8.8,89.3,2,-8.2,382,13.43
1983-11-01,3.3,9.34,0.0897701332483941,8.5,91.1,1.8,-7.9,405,13.43
1983-12-01,3.8,9.47,0.0959651608164122,8.3,94.2,1.8,-6.3,382.4,13.43
1984-01-01,4.2,9.56,0.0991119730529755,8,100.1,2.7,-6.1,373.75,13.29
1984-02-01,4.6,9.59,0.0981069711538462,7.8,97.4,2.7,-2.5,394.25,13.25
1984-03-01,4.8,9.91,0.0947796744739976,7.8,101,3.5,-0.4,388.5,13.55
1984-04-01,4.6,10.29,0.0905550626047522,7.7,96.1,3.6,-0.6,375.8,13.73
1984-05-01,4.2,10.32,0.09074445695267,7.4,98.1,3.3,-0.5,384.25,14.08
1984-06-01,4.2,11.06,0.0961772583394205,7.2,95.5,3,-0.6,373.05,14.5
1984-07-01,4.2,11.23,0.0997675319643549,7.5,96.6,2.9,-0.4,342.35,14.67
1984-08-01,4.3,11.64,0.102989392478303,7.5,99.1,2,-0.7,348.25,14.38
1984-09-01,4.3,11.3,0.101766513056836,7.3,100.9,1.4,-0.8,343.75,14.26
1984-10-01,4.3,9.99,0.099609375,7.4,96.3,1.2,-0.9,333.5,14.05
1984-11-01,4.1,9.43,0.0929792169672869,7.2,95.7,1.6,-2.9,329,13.42
1984-12-01,3.9,8.38,0.0874499646809512,7.3,92.9,1.2,-3.7,308.3,13.14
1985-01-01,3.5,8.35,0.079365821719203,7.3,96,0.5,-6.5,306.65,12.96
1985-02-01,3.5,8.5,0.073579835047725,7.2,93.7,0.1,-8.9,287.75,12.94
1985-03-01,3.7,8.58,0.076728576682604,7.2,93.7,-0.8,-8.9,329.25,13.29
1985-04-01,3.7,8.27,0.0832230688506639,7.3,94.6,-0.7,-8.4,321.35,13.12
1985-05-01,3.8,7.97,0.0886075949367089,7.2,91.8,-0.6,-7.8,314,12.71
1985-06-01,3.8,7.53,0.0868583811114623,7.4,96.5,-0.7,-7.8,317.75,12.15
1985-07-01,3.6,7.88,0.0886440296829323,7.4,94,-1,-8,327.5,12.03
1985-08-01,3.3,7.9,0.0907908895265423,7.1,92.4,-1.1,-8.5,333.25,12.11
1985-09-01,3.1,7.92,0.0941899839600785,7.1,92.1,-1.3,-8.2,325.75,12.17
1985-10-01,3.2,7.99,0.0971269201823897,7.1,88.4,-0.5,-7.7,325.1,12.07
1985-11-01,3.5,8.05,0.0979661611291312,7,90.9,-0.3,-5.3,325.3,11.58
1985-12-01,3.8,8.27,0.102280610475199,7,93.9,0.1,-4,326.8,11.09
1986-01-01,3.9,8.14,0.103670039444349,6.7,95.6,-0.2,-2.1,350.5,10.89
1986-02-01,3.1,7.86,0.0996559194596661,7.2,95.9,-1.5,-20.5,338.15,10.51
1986-03-01,2.3,7.48,0.0932296509170822,7.2,95.1,-2.7,-42.6,344,10.1
1986-04-01,1.6,6.99,0.0883640649995789,7.1,96.2,-3.6,-51.3,345.75,9.86
1986-05-01,1.5,6.85,0.0787193973634651,7.2,94.8,-3.4,-52.8,343.2,10.38
1986-06-01,1.8,6.92,0.0702976042443836,7.2,99.3,-3.3,-51.5,346.75,10.62
1986-07-01,1.6,6.56,0.0627289565754271,7,97.7,-3.7,-55.9,357.5,10.4
1986-08-01,1.6,6.17,0.0579787234042552,6.9,94.9,-3.3,-57,384.7,9.93
1986-09-01,1.8,5.89,0.0536150464093795,7,91.9,-2.6,-49.3,423.2,10.1
1986-10-01,1.5,5.85,0.0516207455429498,7,95.6,-3.1,-50.1,401,9.89
1986-11-01,1.3,6.04,0.0474614577447735,6.9,91.4,-3.5,-50.5,389.5,9.5
1986-12-01,1.1,6.91,0.0394847718791381,6.6,89.1,-3.8,-50.6,388.75,9.29
1987-01-01,1.5,6.43,0.0413652531873226,6.6,90.4,-2.6,-40.2,400.5,9.08
1987-02-01,2.1,6.1,0.048907636595169,6.6,90.2,-0.7,-21.4,405.85,9.07
1987-03-01,3,6.13,0.0540839287829142,6.6,90.8,0.9,8.5,421,9.03
1987-04-01,3.8,6.37,0.0559074204394401,6.3,92.8,2.3,29.8,453.25,10.37
1987-05-01,3.9,6.85,0.0592308882698854,6.3,91.1,2.6,36.8,451,10.7
1987-06-01,3.7,6.73,0.0628790786948177,6.2,91.5,3.1,37.6,447.3,10.35
1987-07-01,3.9,6.58,0.0640371583035102,6.1,93.7,4.1,60.8,462.5,10.27
1987-08-01,4.3,6.73,0.0618930663139997,6,94.4,4.5,69.7,453.4,10.33
1987-09-01,4.4,7.22,0.0589999250318615,5.9,93.6,4.3,36,459.5,11.02
1987-10-01,4.5,7.29,0.0560020837984669,6,89.3,4.4,35.2,468.8,10.97
1987-11-01,4.5,6.69,0.0597119905230814,5.8,83.1,4.4,35.1,492.5,10.55
1987-12-01,4.4,6.77,0.0593108504398826,5.7,86.8,4.5,28.8,484.1,10.61
1988-01-01,4,6.83,0.0525893800794489,5.7,90.8,4.1,-0.6,458,10.16
1988-02-01,3.9,6.58,0.0443312101910827,5.7,91.6,3.8,-5.2,426.15,9.87
1988-03-01,3.9,6.58,0.0395831063659803,5.7,94.6,3.7,-9.8,456.95,9.99
1988-04-01,3.9,6.87,0.0344329226433501,5.4,91.2,3.8,-7.7,449,10.28
1988-05-01,3.9,7.09,0.0308702080853979,5.6,94.8,3.8,-5.9,455.5,10.58
1988-06-01,4,7.51,0.0322569018957688,5.4,94.7,4.1,-10.3,436.55,10.4
1988-07-01,4.1,7.75,0.0378553436487946,5.4,93.4,4.3,-23.6,436.8,10.49
1988-08-01,4,8.01,0.0438992898644287,5.6,97.4,4,-26.4,427.75,10.67
1988-09-01,4.2,8.19,0.0484372209323093,5.4,97.3,4.2,-26.3,396.7,10.42
1988-10-01,4.2,8.3,0.0528634361233479,5.4,94.1,3.9,-30.9,412.4,10.22
1988-11-01,4.2,8.35,0.0543119656603641,5.3,93,3.9,-30.7,422.6,10.39
1988-12-01,4.4,8.76,0.0581304840079253,5.3,91.9,4.6,-18.1,410.25,10.77
1989-01-01,4.7,9.12,0.0614946969164853,5.4,97.9,5.6,-0.8,394,10.6
1989-02-01,4.8,9.36,0.0651477146042363,5.2,95.4,5.7,1.2,387,10.78
1989-03-01,5,9.85,0.0658663991420763,5,94.3,6.3,14.2,383.2,11.19
1989-04-01,5.1,9.84,0.0672003298175696,5.2,91.5,6.1,20,377.55,11.03
1989-05-01,5.4,9.81,0.0645933014354067,5.2,90.7,6.3,15.5,361.8,10.5
1989-06-01,5.2,9.53,0.0632316907160358,5.3,90.6,5.3,15.2,373,10.07
1989-07-01,5,9.24,0.0583944082519001,5.2,92,4.5,31.1,368.3,9.81
1989-08-01,4.7,8.99,0.0567750677506775,5.2,89.6,3.7,18.9,359.8,10.21
1989-09-01,4.3,9.02,0.0548209273225337,5.3,95.8,4,31.9,366.5,10.16
1989-10-01,4.5,8.84,0.0489663777695344,5.3,93.9,4.3,46.6,375.3,9.82
1989-11-01,4.7,8.55,0.043386349909402,5.4,90.9,4.1,46.9,408.15,9.74
1989-12-01,4.6,8.45,0.0399236998862192,5.4,90.5,3.7,35,398.6,9.78
1990-01-01,5.2,8.23,0.0404118059965905,5.4,93,4,29.4,415.05,10.05
1990-02-01,5.3,8.24,0.0418755430786713,5.3,89.5,3.2,29.2,407.7,10.31
1990-03-01,5.2,8.28,0.043937727106044,5.2,91.3,2.4,11.3,368.5,10.22
1990-04-01,4.7,8.26,0.0435129740518963,5.4,93.9,1.6,-10.7,367.75,10.56
1990-05-01,4.4,8.18,0.0472838358347722,5.4,90.6,1.2,-8.4,363.05,10.33
1990-06-01,4.7,8.29,0.0456421942600483,5.2,88.3,1.2,-17.8,352.2,10.15
1990-07-01,4.8,8.15,0.0431136155156598,5.5,88.2,1.5,-22.7,372.3,9.98
1990-08-01,5.6,8.13,0.0367551392141556,5.7,76.4,4,40.6,387.75,10.24
1990-09-01,6.2,8.2,0.0324333063864188,5.9,72.8,5.3,61.9,408.4,10.22
1990-10-01,6.3,8.11,0.0323689027327317,5.9,63.9,7.1,104.9,379.5,10.17
1990-11-01,6.3,7.81,0.0328407749018607,6.2,66,6.6,68.9,384.85,9.9
1990-12-01,6.1,7.31,0.0318477398889769,6.3,65.5,5,32.6,386.2,9.68
1991-01-01,5.7,6.91,0.0295250726285209,6.4,66.8,3.6,36.7,366,9.61
1991-02-01,5.3,6.25,0.0300390035228988,6.6,70.4,2.4,-1.2,362.7,9.29
1991-03-01,4.9,6.12,0.0257045233691734,6.8,87.7,1.8,-9.8,355.65,9.52
1991-04-01,4.9,5.91,0.0210207396301848,6.7,81.8,1.7,7,357.75,9.53
1991-05-01,5,5.78,0.0173717427982253,6.9,78.3,1.7,7.9,360.4,9.45
1991-06-01,4.7,5.9,0.0129134642312599,6.9,82.1,1.8,17.3,368.35,9.67
1991-07-01,4.4,5.82,0.0117227477128238,6.8,82.9,1.4,28.1,362.85,9.5
1991-08-01,3.8,5.66,0.0135101789019125,6.9,82,-0.3,-19.7,347.4,9.15
1991-09-01,3.4,5.45,0.0170220610827752,6.9,83,-1.9,-33.6,354.9,8.92
1991-10-01,2.9,5.21,0.0195440738808948,7,78.3,-3.6,-43.8,357.45,8.91
1991-11-01,3,4.81,0.0186967449273585,7,69.1,-3.1,-34.2,366.3,8.7
1991-12-01,3.1,4.43,0.0160462130937099,7.3,68.2,-2.4,-30.5,353.15,8.35
1992-01-01,2.6,4.03,0.0115278157982785,7.3,67.5,-2.9,-41.6,354.1,8.68
1992-02-01,2.8,4.06,0.00438795581782418,7.4,68.8,-1,-16.7,353.1,8.83
1992-03-01,3.2,3.98,0.00234805382461836,7.4,76,-0.1,-5.7,341.7,8.98
1992-04-01,3.2,3.73,0.00348097467290852,7.4,77.2,0.3,-0.5,336.35,8.85
1992-05-01,3,3.82,0.0114567753514808,7.6,79.2,0.6,0.7,337.5,8.6
1992-06-01,3.1,3.76,0.0146185745398132,7.8,80.4,1.4,14.4,343.4,8.43
1992-07-01,3.2,3.25,0.0143321116772444,7.7,76.6,1.6,4.4,357.85,8.05
1992-08-01,3.1,3.3,0.0139791356184798,7.6,76.1,1.3,0.2,340,8.01
1992-09-01,3,3.22,0.0124891949089391,7.6,75.6,1.6,4.5,349,8.02
1992-10-01,3.2,3.1,0.00979137525668868,7.3,73.3,1.5,-4.4,339.25,8.21
1992-11-01,3,3.09,0.0129549844005348,7.4,85.3,1.2,-8.6,334.2,8.29
1992-12-01,2.9,2.92,0.0147678073661112,7.4,91,1.5,-2.4,332.9,8.14
1993-01-01,3.3,3.02,0.0165030166804685,7.3,89.3,2.1,1.4,330.45,7.86
1993-02-01,3.2,3.03,0.0179999999999999,7.1,86.6,2.1,4.9,327.6,7.53
1993-03-01,3.1,3.07,0.0200945973736009,7,85.9,2.2,13.9,337.8,7.5
1993-04-01,3.2,2.96,0.0205900520634174,7.1,85.6,2.6,3,354.3,7.43
1993-05-01,3.2,3,0.0158594715471077,7.1,80.3,2.1,-2.2,377.45,7.5
1993-06-01,3,3.04,0.010932987564095,7,81.5,1.3,-17.7,378.45,7.34
1993-07-01,2.8,3.06,0.0136126580040661,6.9,77,1.1,-18.9,401.75,7.25
1993-08-01,2.8,3.03,0.011768859597505,6.8,77.3,0.8,-20.2,371.55,6.97
1993-09-01,2.7,3.09,0.00994047444506351,6.7,77.9,0.6,-26.3,355.5,6.95
1993-10-01,2.8,2.99,0.0080612185291198,6.8,82.7,0.8,-18.3,369.6,6.86
1993-11-01,2.7,3.02,0.00499051510287463,6.6,81.2,1,-21.4,370.9,7.31
1993-12-01,2.7,2.96,0.00347475691301431,6.5,88.2,0.9,-27.7,391.75,7.13
1994-01-01,2.5,3.05,0.00511830598695563,6.6,94.3,0.9,-24.4,377.9,6.97
1994-02-01,2.5,3.25,0.00415873480743894,6.6,93.2,0.8,-32.6,381.55,7.32
1994-03-01,2.5,3.34,0.00322419907963772,6.5,91.5,0.8,-31.8,389.2,7.8
1994-04-01,2.4,3.56,0.00524726643801473,6.4,92.6,0.3,-26,376.45,8.32
1994-05-01,2.3,4.01,0.0097180598795425,6.1,92.8,0.2,-15.5,387.6,8.53
1994-06-01,2.5,4.25,0.0201603532419243,6.1,91.2,0.8,0,388.25,8.46
1994-07-01,2.8,4.26,0.0230098779779199,6.1,89,1.3,12,384,8.57
1994-08-01,2.9,4.47,0.0299793946077721,6,91.7,2.1,12.6,385.75,8.56
1994-09-01,3,4.73,0.0336017611957592,5.9,91.5,1.9,3.9,394.85,8.82
1994-10-01,2.6,4.76,0.0373477594237278,5.8,92.7,1.5,-4.8,383.85,9.03
1994-11-01,2.7,5.29,0.0382409728826259,5.6,91.6,2.1,6.7,383.1,9.25
1994-12-01,2.7,5.45,0.0411857821269247,5.5,95.1,2.8,21.1,383.25,9.18
1995-01-01,2.8,5.53,0.0447494891939336,5.6,97.6,3.2,23.2,374.9,9.13
1995-02-01,2.9,5.92,0.0494576632045344,5.4,95.1,3.5,34.9,376.4,8.73
1995-03-01,2.9,5.98,0.0562627510703716,5.4,90.3,3.5,27.8,392,8.38
1995-04-01,3.1,6.05,0.0570189297101657,5.8,92.5,4.1,29.5,389.75,8.26
1995-05-01,3.2,6.01,0.053111034719835,5.6,89.8,4.2,14.5,384.3,7.85
1995-06-01,3,6,0.049892225894525,5.6,92.7,4,0.8,387.05,7.53
1995-07-01,2.8,5.85,0.048649733386847,5.7,94.4,3.8,-14.1,383.35,7.79
1995-08-01,2.6,5.74,0.0444673953581777,5.7,96.2,3.2,-9.7,382.35,7.88
1995-09-01,2.5,5.8,0.0434009351424228,5.6,88.9,3.5,6.4,384,7.62
1995-10-01,2.8,5.76,0.0457480699136125,5.5,90.2,3.6,-2,382.65,7.45
1995-11-01,2.6,5.8,0.0502408809359944,5.6,88.2,3.2,-0.2,387.8,7.35
1995-12-01,2.5,5.6,0.0542393299678751,5.6,91,3.1,10.8,387,7.11
1996-01-01,2.7,5.56,0.053458939411293,5.6,89.3,2.8,15.7,405.55,7
1996-02-01,2.7,5.22,0.0528668443221869,5.5,88.5,2.2,3.5,400.65,7.32
1996-03-01,2.8,5.31,0.0499269571195324,5.5,93.7,2,14,396.35,7.69
1996-04-01,2.9,5.22,0.05124028349337,5.6,92.7,2.2,19.3,391.3,7.92
1996-05-01,2.9,5.24,0.0509619204358436,5.6,89.4,2.6,8.9,390.55,8.03
1996-06-01,2.8,5.27,0.0517061624728789,5.3,92.4,2.2,8.3,382,8.29
1996-07-01,3,5.4,0.0523630655379268,5.5,94.7,2.2,24,385.3,8.19
1996-08-01,2.9,5.22,0.0594594594594595,5.1,95.3,2.6,26.3,386.45,8.09
1996-09-01,3,5.3,0.0609921989950306,5.2,94.7,2.4,30.7,379,8.16
1996-10-01,3,5.24,0.0607461116953562,5.2,96.5,2.2,49.1,379.5,7.86
1996-11-01,3.3,5.31,0.0606922843172464,5.4,99.2,2.2,39.8,371.3,7.52
1996-12-01,3.3,5.29,0.0590439454470313,5.4,96.9,2.7,35.8,369.25,7.64
1997-01-01,3,5.25,0.0607472792565585,5.3,97.4,2.7,31.1,345.5,7.88
1997-02-01,3,5.19,0.0662515702659894,5.2,99.7,1.8,22.2,358.6,7.65
1997-03-01,2.8,5.39,0.068648458054192,5.2,100,0.7,-2.4,348.15,7.97
1997-04-01,2.5,5.51,0.0711793817778619,5.1,101.4,-0.3,-15,340.15,8.08
1997-05-01,2.2,5.5,0.0741858960534828,4.9,103.2,-0.5,-1.3,345.6,7.94
1997-06-01,2.3,5.56,0.0747078576225656,5,104.5,-0.6,-10.2,334.55,7.58
1997-07-01,2.2,5.52,0.0748976479088063,4.9,107.1,-0.9,-8.3,326.35,7.43
1997-08-01,2.2,5.54,0.0724626068376068,4.8,104.4,-0.9,-11.5,325.35,7.58
1997-09-01,2.2,5.54,0.0784621942771888,4.9,106,-0.5,-20.7,332.1,7.28
1997-10-01,2.1,5.5,0.0835983884648006,4.7,105.6,-0.2,-20.4,311.4,7.21
1997-11-01,1.8,5.52,0.0873758267239333,4.6,107.2,-0.2,-17.7,296.8,7.17
1997-12-01,1.7,5.5,0.0896401822657518,4.7,102.1,-1.8,-28.3,290.2,6.99
1998-01-01,1.6,5.56,0.0903353674438013,4.6,106.6,-3.3,-40.9,304.85,7.12
1998-02-01,1.4,5.51,0.0874606764942932,4.6,110.4,-2.7,-33,297.4,7.09
1998-03-01,1.4,5.49,0.0823060188542423,4.7,106.5,-2,-36.4,301,7.08
1998-04-01,1.4,5.45,0.082667010575187,4.3,108.7,-1.7,-32.1,310.7,7.15
1998-05-01,1.7,5.49,0.0825105420137819,4.4,106.5,-1.8,-36.4,293.6,7.07
1998-06-01,1.7,5.56,0.0827188940092164,4.5,105.6,-1.9,-35.1,296.3,6.96
1998-07-01,1.7,5.54,0.0842783964932847,4.5,105.2,-1.6,-34.6,288.85,6.97
1998-08-01,1.6,5.55,0.0816192449588113,4.5,104.4,-2.4,-44.6,273.4,6.92
1998-09-01,1.5,5.51,0.0755329591502855,4.6,100.9,-2.9,-32.5,293.85,6.64
1998-10-01,1.5,5.07,0.0710868421711796,4.5,97.4,-3,-38.6,292.3,6.83
1998-11-01,1.5,4.83,0.0657816080502143,4.4,102.7,-3.4,-42,294.7,6.78
1998-12-01,1.6,4.68,0.0651640258870788,4.4,100.5,-3.2,-48.6,287.8,6.83
1999-01-01,1.7,4.63,0.0649869335831565,4.3,103.9,-2,-30.4,285.4,6.74
1999-02-01,1.6,4.76,0.0621438528699649,4.4,108.1,-2.2,-39.4,287.05,6.89
1999-03-01,1.7,4.81,0.067593515300294,4.2,105.7,-1.7,-7,279.45,6.98
1999-04-01,2.3,4.74,0.0737645524370805,4.3,104.6,-1,11.3,286.6,6.93
1999-05-01,2.1,4.74,0.0644990875036018,4.2,106.8,-0.3,23.2,268.6,7.23
1999-06-01,2,4.76,0.0632394063239407,4.3,107.3,0.3,45.2,261,7.63
1999-07-01,2.1,4.99,0.0606356153955944,4.3,106,0.6,49.6,255.6,7.7
1999-08-01,2.3,5.07,0.0628561969399579,4.2,104.5,2.2,88.2,254.8,7.8
1999-09-01,2.6,5.22,0.0668994282500703,4.2,107.2,3.4,81.9,299,7.76
1999-10-01,2.6,5.2,0.0644659563107923,4.1,103.2,3,73,299.1,7.96
1999-11-01,2.6,5.42,0.062074360390208,4.1,107.2,3.8,104,291.35,7.75
1999-12-01,2.7,5.3,0.0655970012799415,4,105.4,4.1,172,290.25,8.06
2000-01-01,2.7,5.45,0.0702993685549448,4,112,4.4,139.1,283.3,8.25
2000-02-01,3.2,5.73,0.0756332903983912,4.1,111.3,6.1,218.7,293.65,8.31
2000-03-01,3.8,5.85,0.0816317321360078,4,107.1,6.7,161,276.75,8.23
2000-04-01,3.1,6.02,0.0829017867150894,3.8,109.2,5.7,64.2,275.05,8.13
2000-05-01,3.2,6.27,0.0845205448910887,4,110.7,5.5,68.6,272.25,8.62
2000-06-01,3.7,6.53,0.0891240681576145,4,106.4,6.9,84,288.15,8.22
2000-07-01,3.7,6.54,0.0913000330797221,4,108.3,6.4,55.1,276.75,8.13
2000-08-01,3.4,6.5,0.0922073071599622,4.1,107.3,4.7,56.1,277,7.99
2000-09-01,3.5,6.52,0.108413424699521,3.9,106.8,5.2,48.7,273.65,7.88
2000-10-01,3.4,6.51,0.101905695306545,3.9,105.8,6,52.9,264.5,7.68
2000-11-01,3.4,6.51,0.108556555688103,3.9,107.6,5.2,48.1,269.1,7.73
2000-12-01,3.4,6.4,0.109702457956016,3.9,98.4,6.6,11,274.45,7.13
2001-01-01,3.7,5.98,0.102524538168103,4.2,94.7,9.1,4.4,264.5,7.15
2001-02-01,3.5,5.49,0.100290635551566,4.2,90.6,5.9,-3.4,266.7,7.12
2001-03-01,2.9,5.31,0.0898475648592416,4.3,91.5,3.9,-15.9,257.7,6.91
2001-04-01,3.3,4.8,0.0754285474496968,4.4,88.4,4.4,7,263.15,7.12
2001-05-01,3.6,4.21,0.081722375312901,4.3,92,4,-2.4,267.5,7.2
2001-06-01,3.2,3.97,0.0781675677941238,4.5,92.6,1.3,-14.3,270.6,7.11
2001-07-01,2.7,3.77,0.0805320081847415,4.6,92.4,-0.2,-12.6,265.9,7.03
2001-08-01,2.7,3.65,0.081868188894655,4.9,91.5,0.4,-18.7,273,6.92
2001-09-01,2.6,3.07,0.0633808621115965,5,81.8,-1,-25.1,293.1,6.72
2001-10-01,2.1,2.49,0.0746118458884415,5.3,82.7,-3.8,-38.9,278.75,6.64
2001-11-01,1.9,2.09,0.0757740302850235,5.5,83.9,-3.9,-48.1,275.5,7.02
2001-12-01,1.6,1.82,0.0686700507614213,5.7,88.8,-5.9,-42.4,276.5,7.16
2002-01-01,1.1,1.73,0.0704423498201258,5.7,93,-8.2,-35.5,282.3,6.96
2002-02-01,1.1,1.74,0.0712590494804651,5.7,90.7,-6.6,-33.7,296.85,6.81
2002-03-01,1.5,1.73,0.0722003154574132,5.7,95.7,-4.5,-11.1,301.4,7.18
2002-04-01,1.6,1.75,0.0785451430129092,5.9,93,-4.1,-5.1,308.2,6.88
2002-05-01,1.2,1.75,0.0852912526787454,5.8,96.9,-4.4,-0.8,326.6,6.76
2002-06-01,1.1,1.75,0.0868850874649657,5.8,92.4,-3.4,-17.4,318.5,6.55
2002-07-01,1.5,1.73,0.0871737709958872,5.8,88.1,-1.6,-6.2,304.65,6.34
2002-08-01,1.8,1.74,0.08958985717559,5.7,87.6,-1.4,0.3,312.8,6.22
2002-09-01,1.5,1.75,0.0779298481788947,5.7,86.1,-0.8,6.2,323.7,5.99
2002-10-01,2,1.75,0.0680519383185626,5.7,80.6,2.2,34.8,316.9,6.31
2002-11-01,2.2,1.34,0.0591919417187035,5.9,84.2,2.5,31.8,319.05,6.13
2002-12-01,2.4,1.24,0.054345025580625,6,86.7,3.7,60.6,347.2,5.93
2003-01-01,2.6,1.24,0.0496690563062649,5.8,82.4,5.3,77.2,367.5,5.9
2003-02-01,3,1.26,0.04989604989605,5.9,79.9,7.2,77.9,347.45,5.79
2003-03-01,3,1.25,0.0525367593536178,5.9,77.6,8.8,46.3,334.85,5.91
2003-04-01,2.2,1.26,0.0532081377151799,6,86,4.6,7.6,336.75,5.79
2003-05-01,2.1,1.26,0.0559268314769538,6.1,92.1,4.5,-4,361.4,5.31
2003-06-01,2.1,1.22,0.0494906697917606,6.3,89.7,5.4,29.4,346,5.24
2003-07-01,2.1,1.01,0.0432269954017642,6.2,90.9,5,20.6,354.75,5.94
2003-08-01,2.2,1.03,0.0372540663399389,6.1,89.3,4.9,15.1,375.6,6.32
2003-09-01,2.3,1.01,0.0481789250353607,6.1,87.7,4.7,-3.2,388,5.98
2003-10-01,2,1.01,0.054329520735387,6,89.6,4.6,6.5,386.25,5.94
2003-11-01,1.8,1,0.0575070427433659,5.8,93.7,4.4,18.9,398.35,5.89
2003-12-01,1.9,0.98,0.0608108108108108,5.7,92.6,5,14.3,416.25,5.85
2004-01-01,1.9,1,0.0601247286634738,5.7,103.8,4.5,5.6,399.75,5.68
2004-02-01,1.7,1.01,0.0545311349666992,5.6,94.4,3.3,-5.6,395.85,5.58
2004-03-01,1.7,1,0.0497833282151021,5.8,95.8,1.3,1.6,423.7,5.4
2004-04-01,2.3,1,0.0448735336000542,5.6,94.2,5.8,29.3,388.5,6.01
2004-05-01,3.1,1,0.0344335744131022,5.6,90.2,7.4,43.9,393.25,6.32
2004-06-01,3.3,1.03,0.0392428285523683,5.6,95.6,6.7,20.5,395.8,6.25
2004-07-01,3,1.26,0.0418852499710393,5.5,96.7,7,28,391.4,6.08
2004-08-01,2.7,1.43,0.0425517964857067,5.4,95.9,7.2,42.4,407.25,5.82
2004-09-01,2.5,1.61,0.0426491898300619,5.4,94.2,6.6,57.7,415.65,5.72
2004-10-01,3.2,1.76,0.0437528860742793,5.5,91.7,7.7,71.2,425.55,5.64
2004-11-01,3.5,1.93,0.0420490682308744,5.4,92.8,9,55.5,453.4,5.72
2004-12-01,3.3,2.16,0.043446013877672,5.4,97.1,7.7,30.5,435.6,5.81
2005-01-01,3,2.28,0.0493457328614929,5.3,95.5,6.7,31.6,422.15,5.66
2005-02-01,3,2.5,0.0516494120340841,5.4,94.1,6.7,37.8,435.45,5.69
2005-03-01,3.1,2.63,0.0521942732638494,5.2,92.6,7.4,50.1,427.5,6.04
2005-04-01,3.5,2.79,0.0555950381186201,5.2,87.7,7,39.7,435.7,5.78
2005-05-01,2.8,3,0.0532218694660263,5.1,86.9,5.1,26.9,414.45,5.65
2005-06-01,2.5,3.04,0.0540786221194481,5,96,4.8,48.8,437.1,5.53
2005-07-01,3.2,3.26,0.0555193100265742,5,96.5,6,53.3,429,5.77
2005-08-01,3.6,3.5,0.0549710011726303,4.9,89.1,6.5,44.3,433.25,5.77
2005-09-01,4.7,3.62,0.0535672072242447,5,76.9,9.8,44.8,473.25,5.91
2005-10-01,4.3,3.78,0.0556540567680793,5,74.2,10.8,21.8,470.75,6.15
2005-11-01,3.5,4,0.0583455732991655,5,81.6,8.1,23,495.65,6.28
2005-12-01,3.4,4.16,0.0607170122929749,4.9,91.5,8.5,49.6,513,6.22
2006-01-01,4,4.29,0.0599735387967936,4.7,91.2,8.9,43.7,568.75,6.12
2006-02-01,3.6,4.49,0.0585592587986569,4.8,86.7,6.7,29.3,556,6.26
2006-03-01,3.4,4.59,0.0615035936602556,4.7,88.9,5.5,15.4,582,6.35
2006-04-01,3.5,4.79,0.0667916169705231,4.7,87.4,6,36.1,644,6.58
2006-05-01,4.2,4.94,0.067739792686883,4.6,79.1,7.5,41.9,653,6.62
2006-06-01,4.3,4.99,0.0666635924867043,4.6,84.9,7.6,26.8,613.5,6.78
2006-07-01,4.1,5.24,0.0646587328295652,4.7,84.7,6.7,24.9,632.5,6.72
2006-08-01,3.8,5.25,0.0712307083498219,4.7,82,6.5,15.5,623.5,6.44
2006-09-01,2.1,5.25,0.0695001741289766,4.5,85.4,2,0.5,599.25,6.31
2006-10-01,1.3,5.25,0.0638538246015726,4.4,93.6,-2.4,-8.5,603.75,6.4
2006-11-01,2,5.25,0.0621187077385425,4.5,92.1,0.5,0.3,646.7,6.14
2006-12-01,2.5,5.24,0.059863212559302,4.4,91.7,1.6,0.1,632,6.18
2007-01-01,2.1,5.25,0.058876016834466,4.6,96.9,-0.2,-14.7,650.5,6.25
2007-02-01,2.4,5.26,0.0689476335832617,4.5,91.3,3.1,-1.7,664.2,6.22
2007-03-01,2.8,5.26,0.0735039701903029,4.4,88.4,4.4,-6.6,661.75,6.16
2007-04-01,2.6,5.25,0.0688078116498286,4.5,87.1,4.3,-10.3,677,6.16
2007-05-01,2.7,5.25,0.0684305631050846,4.4,88.3,4.5,-11.5,659.1,6.42
2007-06-01,2.7,5.25,0.065786205788251,4.6,85.3,4.6,-5.2,650.5,6.67
2007-07-01,2.4,5.26,0.067728678680859,4.7,90.4,5,-0.8,665.5,6.69
2007-08-01,2,5.02,0.0585650055659163,4.6,83.4,2.7,-0.4,672,6.45
2007-09-01,2.8,4.94,0.0657095129748567,4.7,83.4,4.9,24.6,743,6.42
2007-10-01,3.5,4.76,0.078375016086826,4.7,80.9,7.7,43.2,789.5,6.33
2007-11-01,4.3,4.49,0.0816686585851688,4.7,76.1,8.7,63.7,783.5,6.1
2007-12-01,4.1,4.24,0.101886418915097,5,75.5,7.9,51.7,833.75,6.17
2008-01-01,4.3,3.94,0.108051085855744,5,78.4,10.4,72.9,923.25,5.68
2008-02-01,4,2.98,0.0999957896509621,4.9,70.8,9.5,63.2,971.5,6.24
2008-03-01,4,2.61,0.0996074925619141,5.1,69.5,11,90.5,933.5,5.85
2008-04-01,3.9,2.28,0.0931644379295562,5,62.6,11.4,87.4,871,6.03
2008-05-01,4.2,1.98,0.0993043862312641,5.4,59.8,13.4,105.7,885.75,6.08
2008-06-01,5,2,0.0977660539114665,5.6,56.4,15.4,107.2,930.25,6.45
2008-07-01,5.6,2.01,0.0916267615268848,5.8,61.2,17.4,91.8,918,6.52
2008-08-01,5.4,2,0.0886650146917442,6.1,63,15.4,62.5,833,6.4
2008-09-01,4.9,1.81,0.0789793602766372,6.1,70.3,13.5,35.9,884.5,6.09
2008-10-01,3.7,0.97,0.0681928490535512,6.5,57.6,6.7,-3.4,730.75,6.46
2008-11-01,1.1,0.39,0.0651724045257867,6.8,55.3,-1.2,-40.3,814.5,5.97
2008-12-01,0.1,0.16,0.040674018951764,7.3,60.1,-4.3,-57.7,869.75,5.1
2009-01-01,0,0.15,0.0245686496569182,7.8,61.2,-5.4,-62.6,919.5,5.1
2009-02-01,0.2,0.22,0.0269148683898505,8.3,56.3,-7.3,-62.7,952,5.07
2009-03-01,-0.4,0.18,0.0176588908335729,8.7,57.3,-10.5,-58.8,916.5,4.85
2009-04-01,-0.7,0.15,0.0210801122194515,9,65.1,-11.4,-57.9,883.25,4.78
2009-05-01,-1.3,0.18,0.0206452951550989,9.4,68.7,-13.1,-54.9,975.5,4.91
2009-06-01,-1.4,0.21,0.0218012912574881,9.5,70.8,-13.2,-48.5,934.5,5.42
2009-07-01,-2.1,0.16,0.0223396867042209,9.5,66,-16.1,-58.2,939,5.25
2009-08-01,-1.5,0.16,0.0287669122743961,9.6,65.7,-12.1,-41.4,955.5,5.14
2009-09-01,-1.3,0.15,0.0325593231121572,9.8,73.5,-11.6,-35.4,995.75,5.04
2009-10-01,-0.2,0.12,0.0349390481212257,10,70.6,-6,-6.6,1040,5.03
2009-11-01,1.8,0.12,0.0335836722473117,9.9,67.4,0.3,41.7,1175.75,4.78
2009-12-01,2.7,0.12,0.037328645890553,9.9,72.5,4.2,87,1087.5,5.14
2010-01-01,2.6,0.11,0.0441156918911732,9.8,74.4,6.3,129.3,1078.5,4.98
2010-02-01,2.1,0.13,0.0457058207175633,9.8,73.6,6.9,113.6,1108.25,5.05
2010-03-01,2.3,0.16,0.0524536102182978,9.9,73.6,9,82.1,1115.5,4.99
2010-04-01,2.2,0.2,0.0560976483655602,9.9,72.2,9,75.9,1179.25,5.06
2010-05-01,2,0.2,0.0575990131305823,9.6,73.6,8.2,30.2,1207.5,4.78
2010-06-01,1.1,0.18,0.0642142053195901,9.4,76,5.4,9.1,1244,4.69
2010-07-01,1.2,0.18,0.0826277960000475,9.4,67.8,6.7,29.6,1169,4.54
2010-08-01,1.1,0.19,0.0992895204262877,9.5,68.9,5.7,12.3,1246,4.36
2010-09-01,1.1,0.19,0.0980791549229055,9.5,68.2,6.2,10,1307,4.32
2010-10-01,1.2,0.19,0.0959379537486278,9.4,67.7,6.5,11.3,1346.75,4.23
2010-11-01,1.1,0.19,0.099120082815735,9.8,71.6,5.8,10.9,1383.5,4.4
2010-12-01,1.5,0.18,0.101024011299435,9.3,74.5,6.5,24.8,1405.5,4.86
2011-01-01,1.6,0.17,0.107612820846289,9.1,74.2,5.9,15.8,1327,4.8
2011-02-01,2.1,0.16,0.105649199520418,9,77.5,8.2,17.9,1411,4.95
2011-03-01,2.7,0.14,0.104309483214769,9,67.5,8.7,27,1439,4.86
2011-04-01,3.2,0.1,0.103067297778611,9.1,69.8,10.1,33.4,1535.5,4.78
2011-05-01,3.6,0.09,0.0992910278350155,9,74.3,10.4,41.4,1536.5,4.6
2011-06-01,3.6,0.09,0.0985364153792542,9.1,71.5,11.1,34.5,1505.5,4.51
2011-07-01,3.6,0.07,0.0853018981760801,9,63.7,11.1,36.6,1628.5,4.55
2011-08-01,3.8,0.1,0.070791662340958,9,55.8,9.9,15.8,1813.5,4.22
2011-09-01,3.9,0.08,0.0772979620923897,9,59.5,10.2,29.8,1620,4.01
2011-10-01,3.5,0.07,0.0805998125585753,8.8,60.8,7.8,18.4,1722,4.1
2011-11-01,3.4,0.08,0.0826681870011402,8.6,63.7,7.3,27.6,1746,3.98
2011-12-01,3,0.07,0.0908450544206867,8.5,69.9,5.3,16.2,1531,3.95
2012-01-01,2.9,0.08,0.0845734492411965,8.3,75,4.2,15.8,1744,3.98
2012-02-01,2.9,0.1,0.0783512810991459,8.3,75.3,3,22.3,1770,3.95
2012-03-01,2.7,0.13,0.0804383071504444,8.2,76.2,2.5,7.6,1662.5,3.99
2012-04-01,2.3,0.14,0.0778798209863518,8.2,76.4,0.3,-4.2,1651.25,3.88
2012-05-01,1.7,0.16,0.0771086992452208,8.2,79.3,-1.1,-5.9,1558,3.75
2012-06-01,1.7,0.16,0.074920773685936,8.2,73.2,-2,-13.1,1598.5,3.66
2012-07-01,1.4,0.16,0.0728806646201404,8.2,72.3,-2.2,-12.9,1622,3.49
2012-08-01,1.7,0.13,0.0703542429214525,8.1,74.3,-0.2,10.6,1648.5,3.59
2012-09-01,2,0.14,0.0672208053902585,7.8,78.3,0.3,5,1776,3.4
2012-10-01,2.2,0.16,0.0720971334748645,7.8,82.6,1.2,1.2,1719,3.41
2012-11-01,1.8,0.16,0.0656846222666084,7.7,82.7,0.2,-15.2,1726,3.32
2012-12-01,1.7,0.16,0.0589124336186994,7.9,72.9,0.9,-11,1657.5,3.35
2013-01-01,1.6,0.14,0.0615824026794612,8,73.8,0.9,-7.4,1664.75,3.53
2013-02-01,2,0.15,0.0693869626087045,7.7,77.6,1.3,-6.9,1588.5,3.51
2013-03-01,1.5,0.14,0.0661404186926536,7.5,78.6,-0.1,-11.1,1598.25,3.57
2013-04-01,1.1,0.15,0.0678833741375473,7.6,76.4,-0.1,-7.2,1469,3.4
2013-05-01,1.4,0.11,0.070313444260908,7.5,84.5,1.1,1.4,1394.5,3.81
2013-06-01,1.8,0.09,0.069584870940966,7.5,84.1,2.3,14.6,1192,4.46
2013-07-01,2,0.09,0.0705445790803638,7.3,85.1,2.1,22.4,1314.5,4.31
2013-08-01,1.5,0.08,0.0671060041694248,7.2,82.1,0.7,12.1,1394.75,4.51
2013-09-01,1.2,0.08,0.0648478550701906,7.2,77.5,-0.2,8,1326.5,4.32
2013-10-01,1,0.09,0.0590905106503169,7.2,73.2,-0.5,6.5,1324,4.1
2013-11-01,1.2,0.08,0.0614939637826962,6.9,75.1,-0.3,1.4,1253,4.29
2013-12-01,1.5,0.09,0.062401407306137,6.7,82.5,0.2,7.1,1204.5,4.48
2014-01-01,1.6,0.07,0.0635812777327164,6.6,81.2,0.6,-3.3,1251,4.32
2014-02-01,1.1,0.07,0.0670578133943903,6.7,81.6,0.7,3.4,1326.5,4.37
2014-03-01,1.5,0.08,0.0643981042654028,6.7,80,1.5,4,1291.75,4.4
2014-04-01,2,0.09,0.0633389697616641,6.2,84.1,2.4,4.8,1288.5,4.33
2014-05-01,2.1,0.09,0.0596526222690578,6.3,81.9,1.9,3.6,1250.5,4.12
2014-06-01,2.1,0.1,0.0585031212271522,6.1,82.5,2,5.8,1315,4.14
2014-07-01,2,0.09,0.0576378275617848,6.2,81.8,1.8,-7.5,1285.25,4.12
2014-08-01,1.7,0.09,0.0593223480565699,6.1,82.5,1.4,-11.5,1285.75,4.1
2014-09-01,1.7,0.09,0.0610351157149051,5.9,84.6,1.2,-15.6,1216.5,4.2
2014-10-01,1.7,0.09,0.0578093769109312,5.7,86.9,0.4,-21.1,1164.25,3.98
2014-11-01,1.3,0.09,0.062111404868265,5.8,88.8,-0.1,-18.6,1182.75,3.97
2014-12-01,0.8,0.12,0.0600699985492529,5.6,93.6,-2.5,-37.5,1206,3.87
2015-01-01,-0.1,0.11,0.0654216573847583,5.7,98.1,-5.8,-54,1260.25,3.66
2015-02-01,0,0.11,0.0610787563838366,5.5,95.4,-7.1,-54.2,1214,3.8
2015-03-01,-0.1,0.11,0.0651863359582865,5.4,93,-7.5,-54.9,1187,3.69
2015-04-01,-0.2,0.12,0.0684913253204701,5.4,95.9,-8.4,-50.7,1180.25,3.68
2015-05-01,0,0.12,0.0711000061803061,5.6,90.7,-7,-42.3,1191.4,3.87
2015-06-01,0.1,0.13,0.0725878021562822,5.3,96.1,-6.5,-43.7,1171,4.02
2015-07-01,0.2,0.13,0.0728677698231628,5.2,93.1,-6.8,-48.9,1098.4,3.98
2015-08-01,0.2,0.14,0.0757406664690394,5.1,91.9,-7.3,-57.1,1135,3.84
2015-09-01,0,0.14,0.0759293389435615,5,87.2,-8.4,-54.3,1114,3.86
2015-10-01,0.2,0.12,0.0785755054741685,5,90,-7.8,-46.2,1142.35,3.76
2015-11-01,0.5,0.12,0.0767361500081863,5.1,91.3,-7.6,-47.2,1061.9,3.95
2015-12-01,0.7,0.24,0.0741000727646279,5,92.6,-6.9,-44.8,1060,4.01
2016-01-01,1.4,0.34,0.0691942240234309,4.8,92,-4.9,-37.5,1111.8,3.79
2016-02-01,1,0.38,0.0679203297397988,4.9,91.7,-5.1,-46.7,1234.9,3.62
2016-03-01,0.9,0.36,0.068259874069834,5,91,-4.9,-28.2,1237,3.71
2016-04-01,1.1,0.37,0.0657729262035314,5.1,89,-4,-26.4,1285.65,3.66
2016-05-01,1,0.37,0.0643127680743793,4.8,94.7,-4.2,-28.5,1212.1,3.64
2016-06-01,1,0.38,0.0605540655349914,4.9,93.5,-3.7,-21.9,1320.75,3.48
2016-07-01,0.8,0.39,0.0604557818616068,4.8,90,-3.2,-15.9,1342,3.48
2016-08-01,1.1,0.4,0.0579214666171188,4.9,89.8,-2.8,-0.1,1309.25,3.43
2016-09-01,1.5,0.4,0.0562456327839205,5,91.2,-1.2,0.1,1322.5,3.42
2016-10-01,1.6,0.4,0.0550964187327824,4.9,87.2,-0.4,9.3,1272,3.47
2016-11-01,1.7,0.41,0.0510825329643497,4.7,93.8,0.3,8.4,1178.1,4.03
2016-12-01,2.1,0.54,0.0520657809462086,4.7,98.2,2.6,48.7,1145.9,4.32
2017-01-01,2.5,0.65,0.0469526864474739,4.7,98.5,4.4,84.3,1212.8,4.19
2017-02-01,2.7,0.66,0.0445415125621733,4.6,96.3,5.7,106.2,1255.6,4.16
2017-03-01,2.4,0.79,0.043212764776323,4.4,96.9,5.2,43.2,1244.85,4.14
2017-04-01,2.2,0.9,0.0397530397530398,4.4,97,5.3,32.6,1266.45,4.03
2017-05-01,1.9,0.91,0.0396691107351007,4.4,97.1,4,9,1266.2,3.95
2017-06-01,1.6,1.04,0.042370966107903,4.3,95,3.2,-3.7,1242.25,3.88
2017-07-01,1.7,1.15,0.0400248215947875,4.3,93.4,3.1,3.4,1267.55,3.92
2017-08-01,1.9,1.16,0.0391271516851335,4.4,96.8,3.9,13.3,1311.75,3.82
2017-09-01,2.2,1.15,0.0377744882227966,4.3,95.1,4.2,14.6,1283.1,3.83
2017-10-01,2,1.15,0.0344209257252736,4.2,100.7,4.4,7.2,1270.15,3.94
2017-11-01,2.2,1.16,0.0332030508860471,4.2,98.5,5.2,31.3,1280.2,3.9
2017-12-01,2.1,1.3,0.0383433260658915,4.1,95.9,4.3,17.4,1291,3.99
2018-01-01,2.1,1.41,0.0423558463264245,4,95.7,3.8,29.4,1345.05,4.15
2018-02-01,2.2,1.42,0.0421004538849857,4.1,99.7,4,20,1317.85,4.4
2018-03-01,2.4,1.51,0.040624115166237,4,101.4,4.1,32.7,1323.85,4.44
2018-04-01,2.5,1.69,0.0410371655949387,4,98.8,3.8,32.7,1313.2,4.58
2018-05-01,2.8,1.7,0.0436873836333008,3.8,98,5.4,53.7,1305.35,4.56
2018-06-01,2.9,1.82,0.0481012471513175,4,98.2,5.5,52.3,1250.45,4.55
2018-07-01,2.9,1.91,0.051156302767785,3.8,97.9,5.6,63.6,1220.95,4.54
2018-08-01,2.7,1.91,0.0535395771806193,3.8,96.2,5,44.9,1202.45,4.52
2018-09-01,2.3,1.95,0.0575859380124033,3.7,100.1,4.5,44.7,1187.25,4.72
2018-10-01,2.5,2.19,0.0664639191719773,3.8,98.6,5,43.3,1214.95,4.86
2018-11-01,2.2,2.2,0.0730435160568236,3.8,97.5,3.3,-1,1217.55,4.81
2018-12-01,1.9,2.27,0.069324227745573,3.9,98.3,2.4,-16,1279,4.55
2019-01-01,1.6,2.4,0.0700162962749311,4,91.2,0.6,-21,1323.25,4.46
2019-02-01,1.5,2.4,0.0708544808845308,3.8,93.8,-0.1,-12.4,1319.15,4.35
2019-03-01,1.9,2.41,0.10550284629981,3.8,98.4,0.8,-8.6,1295.4,4.06
2019-04-01,2,2.42,0.175647175732965,3.6,97.2,0.9,-4.6,1282.3,4.2
2019-05-01,1.8,2.39,0.227779676950688,3.7,100,-0.7,-13.7,1295.55,3.99
2019-06-01,1.6,2.38,0.238948846312028,3.6,98.2,-1.9,-18.6,1409,3.73
2019-07-01,1.8,2.4,0.243290655726109,3.7,98.4,-1.8,-20.4,1427.55,3.75
2019-08-01,1.7,2.13,0.242010516373684,3.7,89.8,-2.1,-17.1,1528.4,3.58
2019-09-01,1.7,2.04,0.250868825010904,3.5,93.2,-2.6,-20,1485.3,3.64
2019-10-01,1.8,1.83,0.252106687282567,3.6,95.5,-2.9,-28.4,1510.95,3.78
2019-11-01,2.1,1.55,0.26082743511965,3.6,96.8,-1.6,-1,1460.15,3.68
2019-12-01,2.3,1.55,0.264632141961724,3.6,99.3,-1,19.1,1514.75,3.74
2020-01-01,2.5,1.55,0.274787260581534,3.5,99.8,0.1,12.2,1584.2,3.51
2020-02-01,2.3,1.58,0.286941260200521,3.5,101,-1.3,-9.7,1609.85,3.45
2020-03-01,1.5,0.65,0.266341389457435,4.4,89.1,-3.8,-43.5,1608.95,3.5
2020-04-01,0.3,0.05,0.213644178529675,14.7,71.8,-8.2,-74,1702.75,3.23
2020-05-01,0.1,0.05,0.176333504185888,13.2,72.3,-6.5,-63.5,1728.7,3.15
2020-06-01,0.6,0.08,0.157718166291648,11,78.1,-4.5,-38.5,1768.1,3.13
2020-07-01,1,0.09,0.15719505453761,10.2,72.5,-3.8,-38.4,1964.9,2.99
2020-08-01,1.3,0.1,0.165612139572917,8.4,74.1,-2.5,-33.5,1957.35,2.91
2020-09-01,1.4,0.09,0.158955800810407,7.9,80.4,-1.5,-35.3,1886.9,2.9
2020-10-01,1.2,0.09,0.158641592160695,6.9,81.8,-1.1,-29.6,1881.85,2.81
2020-11-01,1.2,0.09,0.155666594535046,6.7,76.9,-0.4,-31.5,1762.55,2.72
2020-12-01,1.4,0.09,0.154003825289997,6.7,80.7,0.8,-24.7,1887.6,2.67
2021-01-01,1.4,0.09,0.147612616707138,6.3,79,2.8,-12.9,1863.8,2.73
2021-02-01,1.7,0.08,0.135115377897386,6.2,76.8,7.1,14.3,1742.85,2.97
2021-03-01,2.6,0.07,0.118248759704957,6.1,84.9,11.3,88.3,1691.05,3.17
2021-04-01,4.2,0.07,0.0905464792709687,6.1,88.3,17.5,260,1767.65,2.98
2021-05-01,5,0.06,0.0693070417479866,5.8,82.9,19.2,183.2,1899.95,2.95
2021-06-01,5.4,0.08,0.063466228220209,5.9,85.5,19.7,105.7,1763.15,3.02
2021-07-01,5.4,0.1,0.0563667009609702,5.4,81.2,20.1,100.2,1825.75,2.8
2021-08-01,5.3,0.09,0.0442754164101278,5.2,70.3,20.1,77.9,1814.85,2.87
2021-09-01,5.4,0.08,0.0301979451612208,4.8,72.8,20.6,92,1742.8,3.01
2021-10-01,6.2,0.08,0.015935893397682,4.5,71.7,22.4,114.9,1769.15,3.14
2021-11-01,6.8,0.08,0.00327981228084036,4.2,67.4,22.7,108.9,1804.4,3.1
2021-12-01,7,0.08,-0.0126524015502983,3.9,70.6,20.4,60.8,1805.85,3.11
2022-01-01,7.5,0.08,-0.0192903465653271,4,67.2,20.3,64,1795.25,3.55
2022-02-01,7.9,0.08,0.00432419201860219,3.8,62.8,20,64,1909.85,3.89
2022-03-01,8.5,0.2,0.00426723899057379,3.6,59.4,20.9,66.7,1942.15,4.67
2022-04-01,8.3,0.33,0.00415827302345246,3.6,65.2,21.8,71.2,1911.3,5.1
2022-05-01,8.6,0.77,0.00391945519572779,3.6,58.4,21.5,63.5,1838.7,5.1
2022-06-01,9.1,1.21,0.00374540991702401,3.6,50,22.4,68.1,1817,5.7
2022-07-01,8.5,1.68,0.0037223974763407,3.5,51.5,17.4,37.5,1753.4,5.3
2022-08-01,8.3,2.33,0.00383688208910786,3.7,58.2,15.5,39.3,1715.9,5.55
2022-09-01,8.2,2.56,0.00397024227067318,3.5,58.6,13.7,24.7,1671.75,6.7
2022-10-01,7.7,3.08,0.00405984725889333,3.7,59.9,10.2,12.1,1639,7.08
2022-11-01,7.1,3.78,0.00414745248003599,3.6,56.8,8.2,8.3,1753.5,6.58
2022-12-01,6.5,4.1,0.00415772344853595,3.5,59.7,6.9,5.8,1813.75,6.42
