"Year","Month","MonthlyInflation","Rate","FEDFUNDS","M1_change","Unemployment","UMCSENT","Commodities_Price","Oil_Change"
1961,"Apr",29.8,1,1.49,8.5304898367211,7,92.2,-0.6,-0.6
1961,"Apr",29.8,1,1.49,8.5304898367211,7,92.2,-0.6,0.7
1961,"Aug",29.9,1,2,8.21114369501466,6.6,99.2,-0.3,-0.3
1961,"Aug",29.9,1,2,8.21114369501466,6.6,99.2,-0.3,0.7
1961,"Dec",30,0.7,2.33,8.7067861715749,6,95.3,-0.3,0.7
1961,"Dec",30,0.7,2.33,8.7067861715749,6,95.3,-0.3,-0.3
1961,"Feb",29.8,1.4,2.54,7.9088471849866,6.9,91.6,0.6,0.6
1961,"Feb",29.8,1.4,2.54,7.9088471849866,6.9,91.6,0.6,0
1961,"Jan",29.8,1.7,1.45,7.84708249496981,6.6,91.1,0.6,0.6
1961,"Jan",29.8,1.7,1.45,7.84708249496981,6.6,91.1,0.6,0
1961,"Jul",30,1.4,1.17,8.28674778033541,7,96.9666666666667,-0.6,0.7
1961,"Jul",30,1.4,1.17,8.28674778033541,7,96.9666666666667,-0.6,-0.6
1961,"Jun",29.8,0.7,1.73,8.26993053258353,6.9,94.7333333333333,-1.3,0.7
1961,"Jun",29.8,0.7,1.73,8.26993053258353,6.9,94.7333333333333,-1.3,-1.3
1961,"Mar",29.8,1.4,2.02,8.28600066822586,6.9,91.9,0,0
1961,"Mar",29.8,1.4,2.02,8.28600066822586,6.9,91.9,0,0
1961,"May",29.8,1,1.98,8.40810900631439,7.1,92.5,-0.6,0.7
1961,"May",29.8,1,1.98,8.40810900631439,7.1,92.5,-0.6,-0.6
1961,"Nov",30,0.7,2.61,8.49147635895788,6.1,93,-0.6,0.7
1961,"Nov",30,0.7,2.61,8.49147635895788,6.1,93,-0.6,-0.6
1961,"Oct",30,0.7,2.26,8.43295638126009,6.5,95.0666666666667,-0.6,0.7
1961,"Oct",30,0.7,2.26,8.43295638126009,6.5,95.0666666666667,-0.6,-0.6
1961,"Sep",30,1.4,1.88,8.23605706874189,6.7,97.1333333333333,-0.3,0.7
1961,"Sep",30,1.4,1.88,8.23605706874189,6.7,97.1333333333333,-0.3,-0.3
1962,"Apr",30.2,1.3,2.78,8.69021569240388,5.6,96.9,0,0
1962,"Apr",30.2,1.3,2.78,8.69021569240388,5.6,96.9,0,0
1962,"Aug",30.3,1.3,2.93,9.4017094017094,5.7,91.6,0.3,0.3
1962,"Aug",30.3,1.3,2.93,9.4017094017094,5.7,91.6,0.3,0
1962,"Dec",30.4,1.3,2.93,9.09090909090909,5.5,96.1333333333333,0,0
1962,"Dec",30.4,1.3,2.93,9.09090909090909,5.5,96.1333333333333,0,0
1962,"Feb",30.1,1,2.37,8.78357030015796,5.5,99.9,-0.3,0.7
1962,"Feb",30.1,1,2.37,8.78357030015796,5.5,99.9,-0.3,-0.3
1962,"Jan",30,0.7,2.15,8.81884750079592,5.8,97.6,-0.3,0.7
1962,"Jan",30,0.7,2.15,8.81884750079592,5.8,97.6,-0.3,-0.3
1962,"Jul",30.3,1,2.71,9.30589680589681,5.4,92.8666666666667,0.3,0
1962,"Jul",30.3,1,2.71,9.30589680589681,5.4,92.8666666666667,0.3,0.3
1962,"Jun",30.2,1.3,2.68,8.97317298797409,5.5,94.1333333333333,0.6,0
1962,"Jun",30.2,1.3,2.68,8.97317298797409,5.5,94.1333333333333,0.6,0.6
1962,"Mar",30.1,1,2.85,8.67106503298774,5.6,98.4,-0.3,0.7
1962,"Mar",30.1,1,2.85,8.67106503298774,5.6,98.4,-0.3,-0.3
1962,"May",30.2,1.3,2.36,8.87647423960274,5.5,95.4,0,0
1962,"May",30.2,1.3,2.36,8.87647423960274,5.5,95.4,0,0
1962,"Nov",30.4,1.3,2.94,9.50809838032393,5.7,95,0.6,0
1962,"Nov",30.4,1.3,2.94,9.50809838032393,5.7,95,0.6,0.6
1962,"Oct",30.4,1.3,2.9,9.39293264874661,5.4,93.8666666666667,0.6,0
1962,"Oct",30.4,1.3,2.9,9.39293264874661,5.4,93.8666666666667,0.6,0.6
1962,"Sep",30.4,1.3,2.9,9.43854324734447,5.6,92.7333333333333,1.3,1.3
1962,"Sep",30.4,1.3,2.9,9.43854324734447,5.6,92.7333333333333,1.3,0
1963,"Apr",30.5,1,2.9,8.21997105643994,5.7,93.9333333333333,-0.6,-0.6
1963,"Apr",30.5,1,2.9,8.21997105643994,5.7,93.9333333333333,-0.6,0
1963,"Aug",30.7,1.3,3.49,8.44671201814058,5.4,96.4,0,0
1963,"Aug",30.7,1.3,3.49,8.44671201814058,5.4,96.4,0,0
1963,"Dec",30.9,1.6,3.38,8.6848635235732,5.5,96.1,0,-0.7
1963,"Dec",30.9,1.6,3.38,8.6848635235732,5.5,96.1,0,0
1963,"Feb",30.4,1,3,8.73272566892092,5.9,98.4,-0.6,-0.6
1963,"Feb",30.4,1,3,8.73272566892092,5.9,98.4,-0.6,0
1963,"Jan",30.4,1.3,2.92,8.88888888888889,5.7,97.2666666666667,-0.3,-0.3
1963,"Jan",30.4,1.3,2.92,8.88888888888889,5.7,97.2666666666667,-0.3,0
1963,"Jul",30.7,1.3,3.02,8.26681870011402,5.6,94.8333333333333,0.3,0.3
1963,"Jul",30.7,1.3,3.02,8.26681870011402,5.6,94.8333333333333,0.3,0
1963,"Jun",30.6,1.3,2.99,8.21643286573148,5.6,93.2666666666667,0.3,0.3
1963,"Jun",30.6,1.3,2.99,8.21643286573148,5.6,93.2666666666667,0.3,0
1963,"Mar",30.5,1.3,2.98,8.48149227630429,5.7,96.1666666666667,-0.6,0
1963,"Mar",30.5,1.3,2.98,8.48149227630429,5.7,96.1666666666667,-0.6,-0.6
1963,"May",30.5,1,3,8.08633093525179,5.9,91.7,0,0
1963,"May",30.5,1,3,8.08633093525179,5.9,91.7,0,0
1963,"Nov",30.8,1.3,3.48,8.4769316286826,5.7,94.4,0,0
1963,"Nov",30.8,1.3,3.48,8.4769316286826,5.7,94.4,0,-0.7
1963,"Oct",30.8,1.3,3.5,8.62262038073908,5.5,95.0666666666667,-0.3,-0.3
1963,"Oct",30.8,1.3,3.5,8.62262038073908,5.5,95.0666666666667,-0.3,-0.7
1963,"Sep",30.7,1,3.48,8.70667793744716,5.5,95.7333333333333,-0.9,-0.9
1963,"Sep",30.7,1,3.48,8.70667793744716,5.5,95.7333333333333,-0.9,0
1964,"Apr",30.9,1.3,3.47,9.02759174926332,5.3,98.8333333333333,0.6,0.6
1964,"Apr",30.9,1.3,3.47,9.02759174926332,5.3,98.8333333333333,0.6,-0.7
1964,"Aug",31,1,3.5,8.44629822732013,5,100.6,0,-0.7
1964,"Aug",31,1,3.5,8.44629822732013,5,100.6,0,0
1964,"Dec",31.2,1,3.85,8.77416073245168,5,100.6,0.3,0
1964,"Dec",31.2,1,3.85,8.77416073245168,5,100.6,0.3,0.3
1964,"Feb",30.9,1.6,3.48,8.9154661592824,5.4,99.5,0.3,-0.7
1964,"Feb",30.9,1.6,3.48,8.9154661592824,5.4,99.5,0.3,0.3
1964,"Jan",30.9,1.6,3.48,8.84446878422782,5.6,97.8,0.6,-0.7
1964,"Jan",30.9,1.6,3.48,8.84446878422782,5.6,97.8,0.6,0.6
1964,"Jul",31.1,1.3,3.42,8.60666491734452,4.9,99.9,-0.3,-0.3
1964,"Jul",31.1,1.3,3.42,8.60666491734452,4.9,99.9,-0.3,-0.7
1964,"Jun",31,1.3,3.5,8.72093023255814,5.2,99.2,-0.3,-0.7
1964,"Jun",31,1.3,3.5,8.72093023255814,5.2,99.2,-0.3,-0.3
1964,"Mar",30.9,1.3,3.43,9.00998111680604,5.4,99.1666666666667,0.3,0.3
1964,"Mar",30.9,1.3,3.43,9.00998111680604,5.4,99.1666666666667,0.3,-0.7
1964,"May",30.9,1.3,3.5,8.7476734910928,5.1,98.5,0,-0.7
1964,"May",30.9,1.3,3.5,8.7476734910928,5.1,98.5,0,0
1964,"Nov",31.2,1.3,3.52,8.60791826309067,4.8,99.9,0,0
1964,"Nov",31.2,1.3,3.52,8.60791826309067,4.8,99.9,0,0
1964,"Oct",31.1,1,3.36,8.62734998712336,5.1,100.133333333333,0.3,0.3
1964,"Oct",31.1,1,3.36,8.62734998712336,5.1,100.133333333333,0.3,0
1964,"Sep",31.1,1.3,3.45,8.44559585492229,5.1,100.366666666667,0.3,0.3
1964,"Sep",31.1,1.3,3.45,8.44559585492229,5.1,100.366666666667,0.3,-0.7
1965,"Apr",31.4,1.6,4.09,8.43913368185214,4.8,104.266666666667,1.3,1.3
1965,"Apr",31.4,1.6,4.09,8.43913368185214,4.8,104.266666666667,1.3,0
1965,"Aug",31.6,1.9,4.12,6.48282535074988,4.4,103.4,2.5,2.5
1965,"Aug",31.6,1.9,4.12,6.48282535074988,4.4,103.4,2.5,0
1965,"Dec",31.8,1.9,4.32,4.94466682364022,4,101.933333333333,3.5,0
1965,"Dec",31.8,1.9,4.32,4.94466682364022,4,101.933333333333,3.5,3.5
1965,"Feb",31.2,1,3.98,8.6016096579477,5.1,102,0.9,0.9
1965,"Feb",31.2,1,3.98,8.6016096579477,5.1,102,0.9,0
1965,"Jan",31.2,1,3.9,8.72975708502024,4.9,101.3,0,0
1965,"Jan",31.2,1,3.9,8.72975708502024,4.9,101.3,0,0
1965,"Jul",31.6,1.6,4.09,6.82760302365277,4.4,104.066666666667,2.5,0
1965,"Jul",31.6,1.6,4.09,6.82760302365277,4.4,104.066666666667,2.5,2.5
1965,"Jun",31.6,1.9,4.05,7.63940063866371,4.6,104.733333333333,2.9,0
1965,"Jun",31.6,1.9,4.05,7.63940063866371,4.6,104.733333333333,2.9,2.9
1965,"Mar",31.3,1.3,4.05,8.50425212606303,4.7,103.133333333333,0.9,0.9
1965,"Mar",31.3,1.3,4.05,8.50425212606303,4.7,103.133333333333,0.9,0
1965,"May",31.4,1.6,4.1,8.16427511133102,4.6,105.4,1.9,1.9
1965,"May",31.4,1.6,4.1,8.16427511133102,4.6,105.4,1.9,0
1965,"Nov",31.7,1.6,4.1,5.11848341232228,4.1,102.9,2.8,0
1965,"Nov",31.7,1.6,4.1,5.11848341232228,4.1,102.9,2.8,2.8
1965,"Oct",31.7,1.9,4.08,5.51181102362204,4.2,103.066666666667,2.5,0
1965,"Oct",31.7,1.9,4.08,5.51181102362204,4.2,103.066666666667,2.5,2.5
1965,"Sep",31.6,1.6,4.02,6.21252098824658,4.3,103.233333333333,2.2,0
1965,"Sep",31.6,1.6,4.02,6.21252098824658,4.3,103.233333333333,2.2,2.2
1966,"Apr",32.3,2.9,4.67,5.23656407900781,3.8,97.1333333333333,3.8,3.8
1966,"Apr",32.3,2.9,4.67,5.23656407900781,3.8,97.1333333333333,3.8,0
1966,"Aug",32.7,3.5,5.53,8.5688649618663,3.8,91.2,3.7,3.7
1966,"Aug",32.7,3.5,5.53,8.5688649618663,3.8,91.2,3.7,0.7
1966,"Dec",32.9,3.5,5.4,9.71254355400696,3.8,90.2333333333333,1.5,1.5
1966,"Dec",32.9,3.5,5.4,9.71254355400696,3.8,90.2333333333333,1.5,1.5
1966,"Feb",32,2.6,4.6,4.76301115241636,3.8,100,4.1,0
1966,"Feb",32,2.6,4.6,4.76301115241636,3.8,100,4.1,4.1
1966,"Jan",31.8,1.9,4.42,4.58479532163743,4,100.966666666667,3.5,3.5
1966,"Jan",31.8,1.9,4.42,4.58479532163743,4,100.966666666667,3.5,0
1966,"Jul",32.5,2.8,5.3,7.99277489275232,3.8,92.7,3.4,0.7
1966,"Jul",32.5,2.8,5.3,7.99277489275232,3.8,92.7,3.4,3.4
1966,"Jun",32.4,2.5,5.17,6.99840945239719,3.8,94.2,2.8,0.7
1966,"Jun",32.4,2.5,5.17,6.99840945239719,3.8,94.2,2.8,2.8
1966,"Mar",32.1,2.6,4.66,5.19390581717452,3.8,98.5666666666667,4.1,0
1966,"Mar",32.1,2.6,4.66,5.19390581717452,3.8,98.5666666666667,4.1,4.1
1966,"May",32.3,2.9,4.9,6.19995424388011,3.9,95.7,3.4,3.4
1966,"May",32.3,2.9,4.9,6.19995424388011,3.9,95.7,3.4,0
1966,"Nov",32.9,3.8,5.76,9.63353083168752,3.6,88.3,2.1,1.5
1966,"Nov",32.9,3.8,5.76,9.63353083168752,3.6,88.3,2.1,2.1
1966,"Oct",32.9,3.8,5.53,9.39019001325675,3.7,89.2666666666667,2.8,2.8
1966,"Oct",32.9,3.8,5.53,9.39019001325675,3.7,89.2666666666667,2.8,1.5
1966,"Sep",32.7,3.5,5.4,8.74304783092326,3.7,90.2333333333333,3.7,0.7
1966,"Sep",32.7,3.5,5.4,8.74304783092326,3.7,90.2333333333333,3.7,3.7
1967,"Apr",33.1,2.5,4.05,9.29043255913063,3.8,95.3,-0.3,-0.3
1967,"Apr",33.1,2.5,4.05,9.29043255913063,3.8,95.3,-0.3,1.5
1967,"Aug",33.5,2.4,3.9,8.16758358019466,3.8,97,-0.6,-0.6
1967,"Aug",33.5,2.4,3.9,8.16758358019466,3.8,97,-0.6,1.5
1967,"Dec",33.9,3,4.51,8.7463556851312,3.8,94.3333333333333,1.2,0.7
1967,"Dec",33.9,3,4.51,8.7463556851312,3.8,94.3333333333333,1.2,1.2
1967,"Feb",32.9,2.8,5,9.75032285837278,3.8,94.1,0.6,1.5
1967,"Feb",32.9,2.8,5,9.75032285837278,3.8,94.1,0.6,0.6
1967,"Jan",32.9,3.5,4.94,9.9134199134199,3.9,92.1666666666667,1.5,1.5
1967,"Jan",32.9,3.5,4.94,9.9134199134199,3.9,92.1666666666667,1.5,1.5
1967,"Jul",33.4,2.8,3.79,8.34572095986409,3.8,96.6333333333333,0,0
1967,"Jul",33.4,2.8,3.79,8.34572095986409,3.8,96.6333333333333,0,0.7
1967,"Jun",33.3,2.8,3.98,8.616298811545,3.9,96.2666666666667,0.6,0.6
1967,"Jun",33.3,2.8,3.98,8.616298811545,3.9,96.2666666666667,0.6,0.7
1967,"Mar",33,2.8,4.53,9.31078767123289,3.8,94.7,0.3,0.3
1967,"Mar",33,2.8,4.53,9.31078767123289,3.8,94.7,0.3,1.5
1967,"May",33.2,2.8,3.94,8.87045309508615,3.8,95.9,0.3,1.5
1967,"May",33.2,2.8,3.94,8.87045309508615,3.8,95.9,0.3,0.3
1967,"Nov",33.8,2.7,4.13,8.63188770165513,3.9,92.9,0.3,0.3
1967,"Nov",33.8,2.7,4.13,8.63188770165513,3.9,92.9,0.3,0.7
1967,"Oct",33.7,2.4,3.88,8.28253100693714,4,94.2666666666667,0,0
1967,"Oct",33.7,2.4,3.88,8.28253100693714,4,94.2666666666667,0,0.7
1967,"Sep",33.6,2.8,3.99,8.18258308792595,3.8,95.6333333333333,-0.6,1.5
1967,"Sep",33.6,2.8,3.99,8.18258308792595,3.8,95.6333333333333,-0.6,-0.6
1968,"Apr",34.4,3.9,5.76,8.12842918106076,3.5,94,3,3
1968,"Apr",34.4,3.9,5.76,8.12842918106076,3.5,94,3,0.7
1968,"Aug",35,4.5,6.03,6.01018010963196,3.5,92.4,2.4,2.4
1968,"Aug",35,4.5,6.03,6.01018010963196,3.5,92.4,2.4,0.7
1968,"Dec",35.5,4.7,6.02,4.02057926829269,3.4,93.8666666666667,2.7,2.7
1968,"Dec",35.5,4.7,6.02,4.02057926829269,3.4,93.8666666666667,2.7,0.7
1968,"Feb",34.2,4,4.71,8.5549371263657,3.8,97.2,1.8,1.8
1968,"Feb",34.2,4,4.71,8.5549371263657,3.8,97.2,1.8,0.7
1968,"Jan",34.1,3.6,4.61,8.70016611295681,3.7,95.7666666666667,1.2,1.2
1968,"Jan",34.1,3.6,4.61,8.70016611295681,3.7,95.7666666666667,1.2,0.7
1968,"Jul",34.9,4.5,6.03,6.69563499901244,3.7,92.4,2.4,2.4
1968,"Jul",34.9,4.5,6.03,6.69563499901244,3.7,92.4,2.4,1.5
1968,"Jun",34.7,4.2,6.07,7.15139442231075,3.7,92.4,2.1,2.1
1968,"Jun",34.7,4.2,6.07,7.15139442231075,3.7,92.4,2.1,0.7
1968,"Mar",34.3,3.9,5.05,8.41331427404532,3.7,95.6,2.4,2.4
1968,"Mar",34.3,3.9,5.05,8.41331427404532,3.7,95.6,2.4,0.7
1968,"May",34.5,3.9,6.12,7.56234915526951,3.5,92.4,2.7,2.7
1968,"May",34.5,3.9,6.12,7.56234915526951,3.5,92.4,2.7,0.7
1968,"Nov",35.4,4.7,5.82,4.41289332310054,3.4,91.7,3.3,3.3
1968,"Nov",35.4,4.7,5.82,4.41289332310054,3.4,91.7,3.3,0.7
1968,"Oct",35.3,4.7,5.91,4.97877267464299,3.4,91.9333333333333,3,3
1968,"Oct",35.3,4.7,5.91,4.97877267464299,3.4,91.9333333333333,3,0.7
1968,"Sep",35.1,4.5,5.78,5.53720613949874,3.4,92.1666666666667,3,3
1968,"Sep",35.1,4.5,5.78,5.53720613949874,3.4,92.1666666666667,3,0.7
1969,"Apr",36.3,5.5,7.41,2.37072988613028,3.4,93.7333333333333,3.5,5.8
1969,"Apr",36.3,5.5,7.41,2.37072988613028,3.4,93.7333333333333,3.5,3.5
1969,"Aug",37,5.7,9.19,4.51401528940662,3.5,86.4,4.4,5.1
1969,"Aug",37,5.7,9.19,4.51401528940662,3.5,86.4,4.4,4.4
1969,"Dec",37.7,6.2,8.97,6.81016231474948,3.5,79.1666666666667,4.9,5.1
1969,"Dec",37.7,6.2,8.97,6.81016231474948,3.5,79.1666666666667,4.9,4.9
1969,"Feb",35.8,4.7,6.61,2.71493212669683,3.4,98.2,2.9,0.7
1969,"Feb",35.8,4.7,6.61,2.71493212669683,3.4,98.2,2.9,2.9
1969,"Jan",35.6,4.4,6.3,3.84907091391734,3.4,96.0333333333333,3,3
1969,"Jan",35.6,4.4,6.3,3.84907091391734,3.4,96.0333333333333,3,0.7
1969,"Jul",36.8,5.4,8.61,3.59237536656892,3.5,88.1,4.4,5.1
1969,"Jul",36.8,5.4,8.61,3.59237536656892,3.5,88.1,4.4,4.4
1969,"Jun",36.6,5.5,8.9,3.07777368227056,3.5,89.8,4.4,5.8
1969,"Jun",36.6,5.5,8.9,3.07777368227056,3.5,89.8,4.4,4.4
1969,"Mar",36.1,5.2,6.79,2.41935483870967,3.4,95.9666666666667,3.2,4.4
1969,"Mar",36.1,5.2,6.79,2.41935483870967,3.4,95.9666666666667,3.2,3.2
1969,"May",36.4,5.5,8.67,2.78344776396363,3.4,91.5,3.8,3.8
1969,"May",36.4,5.5,8.67,2.78344776396363,3.4,91.5,3.8,5.8
1969,"Nov",37.5,5.9,8.85,6.34779516358465,3.5,79.7,4.6,5.1
1969,"Nov",37.5,5.9,8.85,6.34779516358465,3.5,79.7,4.6,4.6
1969,"Oct",37.3,5.7,9,5.91822094691535,3.7,81.9333333333333,4.4,5.1
1969,"Oct",37.3,5.7,9,5.91822094691535,3.7,81.9333333333333,4.4,4.4
1969,"Sep",37.1,5.7,9.15,5.25650289017341,3.7,84.1666666666667,4.1,4.1
1969,"Sep",37.1,5.7,9.15,5.25650289017341,3.7,84.1666666666667,4.1,5.1
1970,"Apr",38.5,6.1,8.1,12.1591106479069,4.6,76.3,4.2,4.2
1970,"Apr",38.5,6.1,8.1,12.1591106479069,4.6,76.3,4.2,0
1970,"Aug",39,5.4,6.62,13.894156179969,5.1,77.6,3.4,3.4
1970,"Aug",39,5.4,6.62,13.894156179969,5.1,77.6,3.4,-1.4
1970,"Dec",39.8,5.6,4.9,14.2541248511652,6.1,74.3,2.2,6.2
1970,"Dec",39.8,5.6,4.9,14.2541248511652,6.1,74.3,2.2,2.2
1970,"Feb",38,6.1,8.98,9.56460919741214,4.2,78.1,4.9,5.1
1970,"Feb",38,6.1,8.98,9.56460919741214,4.2,78.1,4.9,4.9
1970,"Jan",37.8,6.2,8.98,7.6058317231688,3.9,78.6333333333333,4.9,5.1
1970,"Jan",37.8,6.2,8.98,7.6058317231688,3.9,78.6333333333333,4.9,4.9
1970,"Jul",39,6,7.21,13.8912855910267,5,76.8666666666667,3.6,3.6
1970,"Jul",39,6,7.21,13.8912855910267,5,76.8666666666667,3.6,-1.4
1970,"Jun",38.8,6,7.61,13.4485738980121,4.9,76.1333333333333,3.4,3.4
1970,"Jun",38.8,6,7.61,13.4485738980121,4.9,76.1333333333333,3.4,0
1970,"Mar",38.2,5.8,7.76,10.8983286908078,4.4,77.2,4.3,4.3
1970,"Mar",38.2,5.8,7.76,10.8983286908078,4.4,77.2,4.3,1.4
1970,"May",38.6,6,7.95,13.0442324371206,4.8,75.4,3.7,0
1970,"May",38.6,6,7.95,13.0442324371206,4.8,75.4,3.7,3.7
1970,"Nov",39.6,5.6,5.6,14.2637512811753,5.9,72.4,2.8,2.8
1970,"Nov",39.6,5.6,5.6,14.2637512811753,5.9,72.4,2.8,-1.4
1970,"Oct",39.4,5.6,6.2,14.0555365101131,5.5,74.1333333333333,3.3,3.3
1970,"Oct",39.4,5.6,6.2,14.0555365101131,5.5,74.1333333333333,3.3,-1.4
1970,"Sep",39.2,5.7,6.29,13.9666723930596,5.4,75.8666666666667,3.6,-1.4
1970,"Sep",39.2,5.7,6.29,13.9666723930596,5.4,75.8666666666667,3.6,3.6
1971,"Apr",40.1,4.2,4.16,13.5961930659415,5.9,79.5,3,7.6
1971,"Apr",40.1,4.2,4.16,13.5961930659415,5.9,79.5,3,3
1971,"Aug",40.8,4.6,5.57,13.7543395602579,6.1,82.1,4.3,4.3
1971,"Aug",40.8,4.6,5.57,13.7543395602579,6.1,82.1,4.3,9.1
1971,"Dec",41.1,3.3,4.14,14.6847565841979,6,85.6,4,1.3
1971,"Dec",41.1,3.3,4.14,14.6847565841979,6,85.6,4,4
1971,"Feb",39.9,5,3.72,14.4465290806754,5.9,78.1,2.7,2.7
1971,"Feb",39.9,5,3.72,14.4465290806754,5.9,78.1,2.7,7.6
1971,"Jan",39.8,5.3,4.14,14.3826322930801,5.9,76.2,2.2,7.6
1971,"Jan",39.8,5.3,4.14,14.3826322930801,5.9,76.2,2.2,2.2
1971,"Jul",40.7,4.4,5.31,13.3366716741779,6,81.4666666666667,3.2,3.2
1971,"Jul",40.7,4.4,5.31,13.3366716741779,6,81.4666666666667,3.2,9.1
1971,"Jun",40.6,4.6,4.91,12.8864247311828,5.9,80.8333333333333,3.5,3.5
1971,"Jun",40.6,4.6,4.91,12.8864247311828,5.9,80.8333333333333,3.5,7.6
1971,"Mar",40,4.7,3.71,14.2346330665759,6,78.8,3,3
1971,"Mar",40,4.7,3.71,14.2346330665759,6,78.8,3,7.6
1971,"May",40.3,4.4,4.63,12.9501267962806,5.9,80.2,3.5,3.5
1971,"May",40.3,4.4,4.63,12.9501267962806,5.9,80.2,3.5,7.6
1971,"Nov",40.9,3.3,4.91,14.3777169537917,6,82,3.2,3.2
1971,"Nov",40.9,3.3,4.91,14.3777169537917,6,82,3.2,9.1
1971,"Oct",40.9,3.8,5.2,14.3575600259572,5.8,82.0333333333333,3.2,3.2
1971,"Oct",40.9,3.8,5.2,14.3575600259572,5.8,82.0333333333333,3.2,9.1
1971,"Sep",40.8,4.1,5.55,14.0379581151832,6,82.0666666666667,3.2,3.2
1971,"Sep",40.8,4.1,5.55,14.0379581151832,6,82.0666666666667,3.2,9.1
1972,"Apr",41.5,3.5,4.17,12.3481166464156,5.7,90,3.7,-1.3
1972,"Apr",41.5,3.5,4.17,12.3481166464156,5.7,90,3.7,3.7
1972,"Aug",42,2.9,4.81,10.2261123267688,5.6,95.2,4.2,0
1972,"Aug",42,2.9,4.81,10.2261123267688,5.6,95.2,4.2,4.2
1972,"Dec",42.5,3.4,5.33,7.48979304519218,5.2,87.7666666666667,6.5,0
1972,"Dec",42.5,3.4,5.33,7.48979304519218,5.2,87.7666666666667,6.5,6.5
1972,"Feb",41.3,3.5,3.3,13.7909516380655,5.7,92.8,4,-1.3
1972,"Feb",41.3,3.5,3.3,13.7909516380655,5.7,92.8,4,4
1972,"Jan",41.1,3.3,3.51,14.6310633591404,5.8,89.2,4,4
1972,"Jan",41.1,3.3,3.51,14.6310633591404,5.8,89.2,4,-1.3
1972,"Jul",41.9,2.9,4.55,11.3301942319011,5.6,93,4.4,-1.3
1972,"Jul",41.9,2.9,4.55,11.3301942319011,5.6,93,4.4,4.4
1972,"Jun",41.7,2.7,4.46,12.4219910846954,5.7,90.8,3.9,-1.3
1972,"Jun",41.7,2.7,4.46,12.4219910846954,5.7,90.8,3.9,3.9
1972,"Mar",41.4,3.5,3.83,12.5865517771965,5.8,91.4,3.7,-1.3
1972,"Mar",41.4,3.5,3.83,12.5865517771965,5.8,91.4,3.7,3.7
1972,"May",41.6,3.2,4.27,12.5243737813109,5.7,88.6,3.7,3.7
1972,"May",41.6,3.2,4.27,12.5243737813109,5.7,88.6,3.7,-1.3
1972,"Nov",42.4,3.7,5.06,7.80584728924212,5.3,90.7,5.2,0
1972,"Nov",42.4,3.7,5.06,7.80584728924212,5.3,90.7,5.2,5.2
1972,"Oct",42.3,3.4,5.05,7.975372279496,5.6,92.2,4.7,0
1972,"Oct",42.3,3.4,5.05,7.975372279496,5.6,92.2,4.7,4.7
1972,"Sep",42.1,3.2,4.87,8.8086642599278,5.5,93.7,5,5
1972,"Sep",42.1,3.2,4.87,8.8086642599278,5.5,93.7,5,0
1973,"Apr",43.6,5.1,7.12,7.20476706392198,5,78.6333333333333,10.9,10.9
1973,"Apr",43.6,5.1,7.12,7.20476706392198,5,78.6333333333333,10.9,3.9
1973,"Aug",45.1,7.4,10.5,5.89306621568883,4.8,72,18.5,10.3
1973,"Aug",45.1,7.4,10.5,5.89306621568883,4.8,72,18.5,18.5
1973,"Dec",46.2,8.7,9.95,5.80830113423907,4.9,71.6,15.3,27.6
1973,"Dec",46.2,8.7,9.95,5.80830113423907,4.9,71.6,15.3,15.3
1973,"Feb",42.9,3.9,6.58,6.90367920628359,5,81.9,8.2,8.2
1973,"Feb",42.9,3.9,6.58,6.90367920628359,5,81.9,8.2,1.3
1973,"Jan",42.6,3.6,5.94,6.88309878779435,4.9,84.8333333333333,7.2,7.2
1973,"Jan",42.6,3.6,5.94,6.88309878779435,4.9,84.8333333333333,7.2,1.3
1973,"Jul",44.3,5.7,10.4,5.91178406846609,4.8,73.6666666666667,12.3,11.7
1973,"Jul",44.3,5.7,10.4,5.91178406846609,4.8,73.6666666666667,12.3,12.3
1973,"Jun",44.2,6,8.49,5.93570761637988,4.9,75.3333333333333,14.6,14.6
1973,"Jun",44.2,6,8.49,5.93570761637988,4.9,75.3333333333333,14.6,11
1973,"Mar",43.3,4.6,7.09,7.47102931152012,4.9,80.2666666666667,10.7,1.9
1973,"Mar",43.3,4.6,7.09,7.47102931152012,4.9,80.2666666666667,10.7,10.7
1973,"May",43.9,5.5,7.84,6.43078164940133,4.9,77,12.7,7.8
1973,"May",43.9,5.5,7.84,6.43078164940133,4.9,77,12.7,12.7
1973,"Nov",45.9,8.3,10.03,6.26023428643407,4.8,76.5,15.4,15.4
1973,"Nov",45.9,8.3,10.03,6.26023428643407,4.8,76.5,15.4,21.8
1973,"Oct",45.6,7.8,10.01,6.44300419367136,4.6,75,15.5,15.5
1973,"Oct",45.6,7.8,10.01,6.44300419367136,4.6,75,15.5,16.7
1973,"Sep",45.2,7.4,10.78,6.24437877425158,4.8,73.5,16.2,16.2
1973,"Sep",45.2,7.4,10.78,6.24437877425158,4.8,73.5,16.2,16.7
1974,"Apr",48,10.1,10.51,7.5881420031719,5.1,68.6666666666667,17,17
1974,"Apr",48,10.1,10.51,7.5881420031719,5.1,68.6666666666667,17,71.9
1974,"Aug",50,10.9,12.01,11.8025751072961,5.5,64.4,17.7,17.7
1974,"Aug",50,10.9,12.01,11.8025751072961,5.5,64.4,17.7,78.5
1974,"Dec",51.9,12.3,8.53,13.3372296902396,7.2,58.8666666666667,20.9,52.8
1974,"Dec",51.9,12.3,8.53,13.3372296902396,7.2,58.8666666666667,20.9,20.9
1974,"Feb",47.2,10,8.97,6.12946812430905,5.2,61.8,17.9,76.3
1974,"Feb",47.2,10,8.97,6.12946812430905,5.2,61.8,17.9,17.9
1974,"Jan",46.6,9.4,9.65,5.75095643588793,5.1,66.7,17.8,55.8
1974,"Jan",46.6,9.4,9.65,5.75095643588793,5.1,66.7,17.8,17.8
1974,"Jul",49.4,11.5,12.92,11.2014345487149,5.5,66.9666666666667,20.3,20.3
1974,"Jul",49.4,11.5,12.92,11.2014345487149,5.5,66.9666666666667,20.3,77.9
1974,"Jun",49,10.9,11.93,10.2244089763591,5.4,69.5333333333333,14.3,60.8
1974,"Jun",49,10.9,11.93,10.2244089763591,5.4,69.5333333333333,14.3,14.3
1974,"Mar",47.8,10.4,9.35,6.7337176499448,5.1,65.2333333333333,16.6,16.6
1974,"Mar",47.8,10.4,9.35,6.7337176499448,5.1,65.2333333333333,16.6,75.2
1974,"May",48.6,10.7,11.31,8.86550556361876,5.1,72.1,16.4,65.7
1974,"May",48.6,10.7,11.31,8.86550556361876,5.1,72.1,16.4,16.4
1974,"Nov",51.5,12.2,9.45,12.757686417717,6.6,59.5,23.4,23.4
1974,"Nov",51.5,12.2,9.45,12.757686417717,6.6,59.5,23.4,65.8
1974,"Oct",51.1,12.1,10.06,12.402088772846,6,61.1333333333333,22.9,22.9
1974,"Oct",51.1,12.1,10.06,12.402088772846,6,61.1333333333333,22.9,69.2
1974,"Sep",50.6,11.9,11.34,12.3436196830692,5.9,62.7666666666667,19.7,68.7
1974,"Sep",50.6,11.9,11.34,12.3436196830692,5.9,62.7666666666667,19.7,19.7
1975,"Apr",52.9,10.2,5.49,14.4002749455837,8.8,67.7333333333333,12.7,12.7
1975,"Apr",52.9,10.2,5.49,14.4002749455837,8.8,67.7333333333333,12.7,15.3
1975,"Aug",54.3,8.6,6.14,13.0754439543038,8.4,75.7,5.5,5.5
1975,"Aug",54.3,8.6,6.14,13.0754439543038,8.4,75.7,5.5,13.7
1975,"Dec",55.5,6.9,5.2,15.0537634408602,8.2,78.6,4.2,17.8
1975,"Dec",55.5,6.9,5.2,15.0537634408602,8.2,78.6,4.2,4.2
1975,"Feb",52.5,11.2,6.24,14.6031011339968,8.1,57.6,14.4,14.4
1975,"Feb",52.5,11.2,6.24,14.6031011339968,8.1,57.6,14.4,13.5
1975,"Jan",52.1,11.8,7.13,13.9932534605095,8.1,58.2333333333333,17.1,17.1
1975,"Jan",52.1,11.8,7.13,13.9932534605095,8.1,58.2333333333333,17.1,25.1
1975,"Jul",54.2,9.7,6.1,12.61629226231,8.6,74.7333333333333,8.7,11.4
1975,"Jul",54.2,9.7,6.1,12.61629226231,8.6,74.7333333333333,8.7,8.7
1975,"Jun",53.6,9.4,5.55,13.0553656869446,8.8,73.7666666666667,11.5,11.5
1975,"Jun",53.6,9.4,5.55,13.0553656869446,8.8,73.7666666666667,11.5,26.9
1975,"Mar",52.7,10.3,5.54,14.3661648086427,8.6,62.6666666666667,12.5,12.5
1975,"Mar",52.7,10.3,5.54,14.3661648086427,8.6,62.6666666666667,12.5,14.2
1975,"May",53.2,9.5,5.22,14.2007774982849,9,72.8,11.8,11.8
1975,"May",53.2,9.5,5.22,14.2007774982849,9,72.8,11.8,16
1975,"Nov",55.3,7.4,5.22,14.6116180725573,8.3,75.6,3.7,3.7
1975,"Nov",55.3,7.4,5.22,14.6116180725573,8.3,75.6,3.7,13
1975,"Oct",54.9,7.4,5.82,14.2393372887048,8.4,75.6333333333333,5.1,14.3
1975,"Oct",54.9,7.4,5.82,14.2393372887048,8.4,75.6333333333333,5.1,5.1
1975,"Sep",54.6,7.9,6.24,13.4361977700191,8.4,75.6666666666667,6.3,13.7
1975,"Sep",54.6,7.9,6.24,13.4361977700191,8.4,75.6666666666667,6.3,6.3
1976,"Apr",56.1,6,4.82,14.843332263929,7.7,83.7333333333333,5.4,5.4
1976,"Apr",56.1,6,4.82,14.843332263929,7.7,83.7333333333333,5.4,5.4
1976,"Aug",57.4,5.7,5.29,14.0677448886176,7.8,89.7,4.1,4.1
1976,"Aug",57.4,5.7,5.29,14.0677448886176,7.8,89.7,4.1,-0.6
1976,"Dec",58.2,4.9,4.65,11.6414091714229,7.8,87.0333333333333,4.7,0.8
1976,"Dec",58.2,4.9,4.65,11.6414091714229,7.8,87.0333333333333,4.7,4.7
1976,"Feb",55.8,6.3,4.77,15.0202384859425,7.7,84.6,4.7,4.7
1976,"Feb",55.8,6.3,4.77,15.0202384859425,7.7,84.6,4.7,5.8
1976,"Jan",55.6,6.7,4.87,15.2929493545184,7.9,81.6,4.4,4.4
1976,"Jan",55.6,6.7,4.87,15.2929493545184,7.9,81.6,4.4,18.1
1976,"Jul",57.1,5.4,5.31,14.3985232283868,7.8,87.5666666666667,4.9,1.8
1976,"Jul",57.1,5.4,5.31,14.3985232283868,7.8,87.5666666666667,4.9,4.9
1976,"Jun",56.8,6,5.48,14.5586708203531,7.6,85.4333333333333,5.5,5.5
1976,"Jun",56.8,6,5.48,14.5586708203531,7.6,85.4333333333333,5.5,-3.2
1976,"Mar",55.9,6.1,4.84,14.972972972973,7.6,84.1666666666667,5.4,5.4
1976,"Mar",55.9,6.1,4.84,14.972972972973,7.6,84.1666666666667,5.4,5.4
1976,"May",56.5,6.2,5.29,14.4424517354151,7.4,83.3,5,5
1976,"May",56.5,6.2,5.29,14.4424517354151,7.4,83.3,5,5
1976,"Nov",58,4.9,4.95,12.3348892640779,7.8,87,4.2,1.4
1976,"Nov",58,4.9,4.95,12.3348892640779,7.8,87,4.2,4.2
1976,"Oct",57.9,5.5,5.02,12.9284425736621,7.7,87.9,3.5,2.6
1976,"Oct",57.9,5.5,5.02,12.9284425736621,7.7,87.9,3.5,3.5
1976,"Sep",57.6,5.5,5.25,13.6560766515381,7.6,88.8,4,-0.6
1976,"Sep",57.6,5.5,5.25,13.6560766515381,7.6,88.8,4,4
1977,"Apr",60,7,4.73,9.50226244343893,7.2,89.1666666666667,7.1,7.1
1977,"Apr",60,7,4.73,9.50226244343893,7.2,89.1666666666667,7.1,10.8
1977,"Aug",61.2,6.6,5.9,8.78310730863748,7,89,5.9,5.9
1977,"Aug",61.2,6.6,5.9,8.78310730863748,7,89,5.9,7.5
1977,"Dec",62.1,6.7,6.56,8.30729166666667,6.4,84.05,5.9,5.9
1977,"Dec",62.1,6.7,6.56,8.30729166666667,6.4,84.05,5.9,8.9
1977,"Feb",59.1,5.9,4.68,10.3720080745939,7.6,87.1,6,6
1977,"Feb",59.1,5.9,4.68,10.3720080745939,7.6,87.1,6,13.3
1977,"Jan",58.5,5.2,4.61,11.1533216442626,7.5,87.0666666666667,4.8,4.8
1977,"Jan",58.5,5.2,4.61,11.1533216442626,7.5,87.0666666666667,4.8,-0.3
1977,"Jul",61,6.8,5.42,8.9662155942189,6.9,89.4,5.7,5.7
1977,"Jul",61,6.8,5.42,8.9662155942189,6.9,89.4,5.7,6.3
1977,"Jun",60.7,6.9,5.39,9.34484038604306,7.2,89.8,6.2,6.2
1977,"Jun",60.7,6.9,5.39,9.34484038604306,7.2,89.8,6.2,9.8
1977,"Mar",59.5,6.4,4.69,9.87619047619048,7.4,88.1333333333333,6.8,6.8
1977,"Mar",59.5,6.4,4.69,9.87619047619048,7.4,88.1333333333333,6.8,11.2
1977,"May",60.3,6.7,5.35,9.46740042906445,7,90.2,7.2,7.2
1977,"May",60.3,6.7,5.35,9.46740042906445,7,90.2,7.2,10.4
1977,"Nov",61.9,6.7,6.51,8.49587067299243,6.8,84.4,6.1,6.1
1977,"Nov",61.9,6.7,6.51,8.49587067299243,6.8,84.4,6.1,6.9
1977,"Oct",61.6,6.4,6.47,8.73777777777777,6.8,85.9333333333333,6,6
1977,"Oct",61.6,6.4,6.47,8.73777777777777,6.8,85.9333333333333,6,5.3
1977,"Sep",61.4,6.6,6.14,8.89449045732805,6.8,87.4666666666667,5.7,5.7
1977,"Sep",61.4,6.6,6.14,8.89449045732805,6.8,87.4666666666667,5.7,8.4
1978,"Apr",63.9,6.5,6.89,8.47782594198065,6.1,81.6,6.3,8.4
1978,"Apr",63.9,6.5,6.89,8.47782594198065,6.1,81.6,6.3,6.3
1978,"Aug",66,7.8,8.04,9.14308811641066,5.9,78.4,8.3,10.7
1978,"Aug",66,7.8,8.04,9.14308811641066,5.9,78.4,8.3,8.3
1978,"Dec",67.7,9,10.03,8.47831220971424,6,66.1,9.8,8.4
1978,"Dec",67.7,9,10.03,8.47831220971424,6,66.1,9.8,9.8
1978,"Feb",62.9,6.4,6.78,7.83797554347826,6.3,84.3,6.3,6.3
1978,"Feb",62.9,6.4,6.78,7.83797554347826,6.3,84.3,6.3,5.6
1978,"Jan",62.5,6.8,6.7,7.88705801579127,6.4,83.7,6.4,10.1
1978,"Jan",62.5,6.8,6.7,7.88705801579127,6.4,83.7,6.4,6.4
1978,"Jul",65.7,7.7,7.81,9.02421129860602,6.2,82.4,8.1,8.1
1978,"Jul",65.7,7.7,7.81,9.02421129860602,6.2,82.4,8.1,11.7
1978,"Jun",65.2,7.4,7.6,8.5810477910987,5.9,80,7.7,7.7
1978,"Jun",65.2,7.4,7.6,8.5810477910987,5.9,80,7.7,10
1978,"Mar",63.4,6.6,6.79,8.04375262936474,6.3,78.8,6.2,6.2
1978,"Mar",63.4,6.6,6.79,8.04375262936474,6.3,78.8,6.2,8.7
1978,"May",64.5,7,7.36,8.24648469809761,6,82.9,6.6,6.6
1978,"May",64.5,7,7.36,8.24648469809761,6,82.9,6.6,8.9
1978,"Nov",67.4,8.9,9.76,8.46007604562739,5.9,75,9.6,9.6
1978,"Nov",67.4,8.9,9.76,8.46007604562739,5.9,75,9.6,9.6
1978,"Oct",67.1,8.9,8.96,8.62041467304626,5.8,79.3,9.5,9.5
1978,"Oct",67.1,8.9,8.96,8.62041467304626,5.8,79.3,9.5,10.3
1978,"Sep",66.5,8.3,8.45,8.75461402664098,6,80.4,8.7,8.7
1978,"Sep",66.5,8.3,8.45,8.75461402664098,6,80.4,8.7,10.9
1979,"Apr",70.6,10.5,10.01,7.69763149800063,5.8,66,11.4,11
1979,"Apr",70.6,10.5,10.01,7.69763149800063,5.8,66,11.4,11.4
1979,"Aug",73.8,11.8,10.94,8.61642294713161,6,64.5,13.1,27.4
1979,"Aug",73.8,11.8,10.94,8.61642294713161,6,64.5,13.1,13.1
1979,"Dec",76.7,13.3,13.78,9.23133235724743,6,61,14.7,50.7
1979,"Dec",76.7,13.3,13.78,9.23133235724743,6,61,14.7,14.7
1979,"Feb",69.1,9.9,10.06,9.08595877090626,5.9,73.9,11,11.1
1979,"Feb",69.1,9.9,10.06,9.08595877090626,5.9,73.9,11,11
1979,"Jan",68.3,9.3,10.07,8.68172227865907,5.9,72.1,10.5,10.5
1979,"Jan",68.3,9.3,10.07,8.68172227865907,5.9,72.1,10.5,9.4
1979,"Jul",73.1,11.3,10.47,8.36039574050299,5.7,60.4,12.5,22.6
1979,"Jul",73.1,11.3,10.47,8.36039574050299,5.7,60.4,12.5,12.5
1979,"Jun",72.3,10.9,10.29,8.05460750853243,5.7,65.8,11.4,19.1
1979,"Jun",72.3,10.9,10.29,8.05460750853243,5.7,65.8,11.4,11.4
1979,"Mar",69.8,10.1,10.09,8.66738894907909,5.8,68.4,11.3,10.5
1979,"Mar",69.8,10.1,10.09,8.66738894907909,5.8,68.4,11.3,11.3
1979,"May",71.5,10.9,10.24,7.79091949637542,5.6,68.1,11.5,11.5
1979,"May",71.5,10.9,10.24,7.79091949637542,5.6,68.1,11.5,13.6
1979,"Nov",75.9,12.6,13.18,9.55779560002942,5.9,63.3,14.6,45.2
1979,"Nov",75.9,12.6,13.18,9.55779560002942,5.9,63.3,14.6,14.6
1979,"Oct",75.2,12.1,13.77,9.19914220217406,6,62.1,14.3,42
1979,"Oct",75.2,12.1,13.77,9.19914220217406,6,62.1,14.3,14.3
1979,"Sep",74.6,12.2,11.43,8.91449814126395,5.9,66.7,13.9,13.9
1979,"Sep",74.6,12.2,11.43,8.91449814126395,5.9,66.7,13.9,38.1
1980,"Apr",81,14.7,17.61,11.1974894800656,6.9,52.7,14.2,63.6
1980,"Apr",81,14.7,17.61,11.1974894800656,6.9,52.7,14.2,14.2
1980,"Aug",83.3,12.9,9.61,9.18014655053228,7.7,67.3,14.9,47
1980,"Aug",83.3,12.9,9.61,9.18014655053228,7.7,67.3,14.9,14.9
1980,"Dec",86.3,12.5,18.9,10.5652439438149,7.2,64.5,12.5,34.4
1980,"Dec",86.3,12.5,18.9,10.5652439438149,7.2,64.5,12.5,12.5
1980,"Feb",78.9,14.2,14.13,9.00711278850342,6.3,66.9,16,59.9
1980,"Feb",78.9,14.2,14.13,9.00711278850342,6.3,66.9,16,16
1980,"Jan",77.8,13.9,13.82,9.05511811023622,6.3,67,15.4,62.4
1980,"Jan",77.8,13.9,13.82,9.05511811023622,6.3,67,15.4,15.4
1980,"Jul",82.7,13.1,9.03,9.50655143574018,7.8,62.3,14,14
1980,"Jul",82.7,13.1,9.03,9.50655143574018,7.8,62.3,14,48.9
1980,"Jun",82.7,14.4,9.47,9.91567111735769,7.6,58.7,13.7,13.7
1980,"Jun",82.7,14.4,9.47,9.91567111735769,7.6,58.7,13.7,54.1
1980,"Mar",80.1,14.8,17.19,9.85732814526589,6.3,56.5,15.4,15.4
1980,"Mar",80.1,14.8,17.19,9.85732814526589,6.3,56.5,15.4,61.3
1980,"May",81.8,14.4,10.98,10.7715217699617,7.5,51.7,13.9,13.9
1980,"May",81.8,14.4,10.98,10.7715217699617,7.5,51.7,13.9,60.7
1980,"Nov",85.5,12.6,15.85,9.57091206767173,7.5,76.7,12.8,12.8
1980,"Nov",85.5,12.6,15.85,9.57091206767173,7.5,76.7,12.8,33.4
1980,"Oct",84.8,12.8,12.81,9.38099150917557,7.5,75,13,13
1980,"Oct",84.8,12.8,12.81,9.38099150917557,7.5,75,13,32.8
1980,"Sep",84,12.6,10.87,9.07778007014648,7.5,73.7,13.3,13.3
1980,"Sep",84,12.6,10.87,9.07778007014648,7.5,73.7,13.3,35.2
1981,"Apr",89.1,10,15.72,9.63253894288377,7.2,72.4,11.6,57.8
1981,"Apr",89.1,10,15.72,9.63253894288377,7.2,72.4,11.6,11.6
1981,"Aug",92.3,10.8,17.82,9.66378482228627,7.4,77.2,8.2,40.6
1981,"Aug",92.3,10.8,17.82,9.66378482228627,7.4,77.2,8.2,8.2
1981,"Dec",94,8.9,12.37,9.40117514689337,8.5,64.3,5.3,24.3
1981,"Dec",94,8.9,12.37,9.40117514689337,8.5,64.3,5.3,5.3
1981,"Feb",87.9,11.4,15.93,10.4241937642178,7.4,66.9,10.6,10.6
1981,"Feb",87.9,11.4,15.93,10.4241937642178,7.4,66.9,10.6,63.7
1981,"Jan",87,11.8,19.08,11.0271801443313,7.5,71.4,11.7,37.3
1981,"Jan",87,11.8,19.08,11.0271801443313,7.5,71.4,11.7,11.7
1981,"Jul",91.6,10.8,19.04,9.6797153024911,7.2,74.1,9.6,9.6
1981,"Jul",91.6,10.8,19.04,9.6797153024911,7.2,74.1,9.6,44.8
1981,"Jun",90.6,9.6,19.1,10.1817944023019,7.5,73.1,11,48.6
1981,"Jun",90.6,9.6,19.1,10.1817944023019,7.5,73.1,11,11
1981,"Mar",88.5,10.5,14.7,9.99466595546073,7.4,66.5,10.9,10.9
1981,"Mar",88.5,10.5,14.7,9.99466595546073,7.4,66.5,10.9,61.2
1981,"May",89.8,9.8,18.52,9.99801626661377,7.5,76.3,11.3,11.3
1981,"May",89.8,9.8,18.52,9.99801626661377,7.5,76.3,11.3,55.6
1981,"Nov",93.7,9.6,13.31,9.24927935831559,8.3,62.5,6,6
1981,"Nov",93.7,9.6,13.31,9.24927935831559,8.3,62.5,6,30.9
1981,"Oct",93.4,10.1,15.08,9.33240787481071,7.9,70.3,6.6,6.6
1981,"Oct",93.4,10.1,15.08,9.33240787481071,7.9,70.3,6.6,36.1
1981,"Sep",93.2,11,15.87,9.68233799237612,7.6,73.1,7.7,7.7
1981,"Sep",93.2,11,15.87,9.68233799237612,7.6,73.1,7.7,39.5
1982,"Apr",94.9,6.5,14.94,13.5426711668274,9.3,65.5,1.6,-14.8
1982,"Apr",94.9,6.5,14.94,13.5426711668274,9.3,65.5,1.6,1.6
1982,"Aug",97.7,5.9,10.12,13.504101989022,9.8,65.4,1.3,-9.8
1982,"Aug",97.7,5.9,10.12,13.504101989022,9.8,65.4,1.3,1.3
1982,"Dec",97.6,3.8,8.95,12.3953289661065,10.8,71.9,1.7,1.7
1982,"Dec",97.6,3.8,8.95,12.3953289661065,10.8,71.9,1.7,-8.5
1982,"Feb",94.6,7.6,14.78,13.733242725644,8.9,66.5,3.9,-8.6
1982,"Feb",94.6,7.6,14.78,13.733242725644,8.9,66.5,3.9,3.9
1982,"Jan",94.3,8.4,13.22,11.7617773352418,8.6,71,4.7,11.7
1982,"Jan",94.3,8.4,13.22,11.7617773352418,8.6,71,4.7,4.7
1982,"Jul",97.5,6.4,12.59,13.871217075926,9.8,65.4,1.4,-10
1982,"Jul",97.5,6.4,12.59,13.871217075926,9.8,65.4,1.4,1.4
1982,"Jun",97,7.1,14.15,13.6203077291505,9.6,65.7,1.5,-12
1982,"Jun",97,7.1,14.15,13.6203077291505,9.6,65.7,1.5,1.5
1982,"Mar",94.5,6.8,14.68,13.9740926310644,9,62,2.7,-11.6
1982,"Mar",94.5,6.8,14.68,13.9740926310644,9,62,2.7,2.7
1982,"May",95.8,6.7,14.45,13.6822497295998,9.4,67.5,1.5,1.5
1982,"May",95.8,6.7,14.45,13.6822497295998,9.4,67.5,1.5,-14.5
1982,"Nov",98,4.6,9.2,13.1674442716433,10.8,72.1,1.5,-6.7
1982,"Nov",98,4.6,9.2,13.1674442716433,10.8,72.1,1.5,1.5
1982,"Oct",98.2,5.1,9.71,13.3290742246486,10.4,73.4,1.3,-6.7
1982,"Oct",98.2,5.1,9.71,13.3290742246486,10.4,73.4,1.3,1.3
1982,"Sep",97.9,5,10.31,13.1770222743259,10.1,69.3,1.2,1.2
1982,"Sep",97.9,5,10.31,13.1770222743259,10.1,69.3,1.2,-9.9
1983,"Apr",98.6,3.9,8.8,9.04152114862242,10.2,89.1,0.8,-5.5
1983,"Apr",98.6,3.9,8.8,9.04152114862242,10.2,89.1,0.8,0.8
1983,"Aug",100.2,2.6,9.56,8.47604595707783,9.5,90.9,1.5,-6
1983,"Aug",100.2,2.6,9.56,8.47604595707783,9.5,90.9,1.5,1.5
1983,"Dec",101.3,3.8,9.47,9.59651608164122,8.3,94.2,1.8,-6.3
1983,"Dec",101.3,3.8,9.47,9.59651608164122,8.3,94.2,1.8,1.8
1983,"Feb",97.9,3.5,8.51,9.09551986475063,10.4,74.6,0.7,0.7
1983,"Feb",97.9,3.5,8.51,9.09551986475063,10.4,74.6,0.7,-10
1983,"Jan",97.8,3.7,8.68,10.0994125621328,10.4,70.4,0.5,0.5
1983,"Jan",97.8,3.7,8.68,10.0994125621328,10.4,70.4,0.5,-8.6
1983,"Jul",99.9,2.5,9.37,8.66502866502866,9.4,92.8,0.9,-6
1983,"Jul",99.9,2.5,9.37,8.66502866502866,9.4,92.8,0.9,0.9
1983,"Jun",99.5,2.6,8.98,8.8499452354874,10.1,92.2,1,1
1983,"Jun",99.5,2.6,8.98,8.8499452354874,10.1,92.2,1,-5.6
1983,"Mar",97.9,3.6,8.77,8.95605933389307,10.3,80.8,0.8,-9
1983,"Mar",97.9,3.6,8.77,8.95605933389307,10.3,80.8,0.8,0.8
1983,"May",99.2,3.5,8.63,8.86856891043296,10.1,93.3,1,1
1983,"May",99.2,3.5,8.63,8.86856891043296,10.1,93.3,1,-5.6
1983,"Nov",101.2,3.3,9.34,8.97701332483941,8.5,91.1,1.8,1.8
1983,"Nov",101.2,3.3,9.34,8.97701332483941,8.5,91.1,1.8,-7.9
1983,"Oct",101,2.9,9.48,8.54147724233836,8.8,89.3,2,2
1983,"Oct",101,2.9,9.48,8.54147724233836,8.8,89.3,2,-8.2
1983,"Sep",100.7,2.9,9.45,8.67412828239347,9.2,89.9,2,-5.9
1983,"Sep",100.7,2.9,9.45,8.67412828239347,9.2,89.9,2,2
1984,"Apr",103.1,4.6,10.29,9.05550626047522,7.7,96.1,3.6,3.6
1984,"Apr",103.1,4.6,10.29,9.05550626047522,7.7,96.1,3.6,-0.6
1984,"Aug",104.5,4.3,11.64,10.2989392478303,7.5,99.1,2,2
1984,"Aug",104.5,4.3,11.64,10.2989392478303,7.5,99.1,2,-0.7
1984,"Dec",105.3,3.9,8.38,8.74499646809512,7.3,92.9,1.2,-3.7
1984,"Dec",105.3,3.9,8.38,8.74499646809512,7.3,92.9,1.2,1.2
1984,"Feb",102.4,4.6,9.59,9.81069711538462,7.8,97.4,2.7,2.7
1984,"Feb",102.4,4.6,9.59,9.81069711538462,7.8,97.4,2.7,-2.5
1984,"Jan",101.9,4.2,9.56,9.91119730529755,8,100.1,2.7,2.7
1984,"Jan",101.9,4.2,9.56,9.91119730529755,8,100.1,2.7,-6.1
1984,"Jul",104.1,4.2,11.23,9.97675319643549,7.5,96.6,2.9,2.9
1984,"Jul",104.1,4.2,11.23,9.97675319643549,7.5,96.6,2.9,-0.4
1984,"Jun",103.7,4.2,11.06,9.61772583394205,7.2,95.5,3,3
1984,"Jun",103.7,4.2,11.06,9.61772583394205,7.2,95.5,3,-0.6
1984,"Mar",102.6,4.8,9.91,9.47796744739976,7.8,101,3.5,3.5
1984,"Mar",102.6,4.8,9.91,9.47796744739976,7.8,101,3.5,-0.4
1984,"May",103.4,4.2,10.32,9.074445695267,7.4,98.1,3.3,3.3
1984,"May",103.4,4.2,10.32,9.074445695267,7.4,98.1,3.3,-0.5
1984,"Nov",105.3,4.1,9.43,9.29792169672869,7.2,95.7,1.6,-2.9
1984,"Nov",105.3,4.1,9.43,9.29792169672869,7.2,95.7,1.6,1.6
1984,"Oct",105.3,4.3,9.99,9.9609375,7.4,96.3,1.2,1.2
1984,"Oct",105.3,4.3,9.99,9.9609375,7.4,96.3,1.2,-0.9
1984,"Sep",105,4.3,11.3,10.1766513056836,7.3,100.9,1.4,-0.8
1984,"Sep",105,4.3,11.3,10.1766513056836,7.3,100.9,1.4,1.4
1985,"Apr",106.9,3.7,8.27,8.32230688506639,7.3,94.6,-0.7,-0.7
1985,"Apr",106.9,3.7,8.27,8.32230688506639,7.3,94.6,-0.7,-8.4
1985,"Aug",108,3.3,7.9,9.07908895265423,7.1,92.4,-1.1,-1.1
1985,"Aug",108,3.3,7.9,9.07908895265423,7.1,92.4,-1.1,-8.5
1985,"Dec",109.3,3.8,8.27,10.2280610475199,7,93.9,0.1,-4
1985,"Dec",109.3,3.8,8.27,10.2280610475199,7,93.9,0.1,0.1
1985,"Feb",106,3.5,8.5,7.3579835047725,7.2,93.7,0.1,0.1
1985,"Feb",106,3.5,8.5,7.3579835047725,7.2,93.7,0.1,-8.9
1985,"Jan",105.5,3.5,8.35,7.9365821719203,7.3,96,0.5,0.5
1985,"Jan",105.5,3.5,8.35,7.9365821719203,7.3,96,0.5,-6.5
1985,"Jul",107.8,3.6,7.88,8.86440296829323,7.4,94,-1,-1
1985,"Jul",107.8,3.6,7.88,8.86440296829323,7.4,94,-1,-8
1985,"Jun",107.6,3.8,7.53,8.68583811114623,7.4,96.5,-0.7,-0.7
1985,"Jun",107.6,3.8,7.53,8.68583811114623,7.4,96.5,-0.7,-7.8
1985,"Mar",106.4,3.7,8.58,7.6728576682604,7.2,93.7,-0.8,-0.8
1985,"Mar",106.4,3.7,8.58,7.6728576682604,7.2,93.7,-0.8,-8.9
1985,"May",107.3,3.8,7.97,8.86075949367089,7.2,91.8,-0.6,-0.6
1985,"May",107.3,3.8,7.97,8.86075949367089,7.2,91.8,-0.6,-7.8
1985,"Nov",109,3.5,8.05,9.79661611291312,7,90.9,-0.3,-0.3
1985,"Nov",109,3.5,8.05,9.79661611291312,7,90.9,-0.3,-5.3
1985,"Oct",108.7,3.2,7.99,9.71269201823897,7.1,88.4,-0.5,-0.5
1985,"Oct",108.7,3.2,7.99,9.71269201823897,7.1,88.4,-0.5,-7.7
1985,"Sep",108.3,3.1,7.92,9.41899839600785,7.1,92.1,-1.3,-1.3
1985,"Sep",108.3,3.1,7.92,9.41899839600785,7.1,92.1,-1.3,-8.2
1986,"Apr",108.6,1.6,6.99,8.83640649995789,7.1,96.2,-3.6,-51.3
1986,"Apr",108.6,1.6,6.99,8.83640649995789,7.1,96.2,-3.6,-3.6
1986,"Aug",109.7,1.6,6.17,5.79787234042552,6.9,94.9,-3.3,-57
1986,"Aug",109.7,1.6,6.17,5.79787234042552,6.9,94.9,-3.3,-3.3
1986,"Dec",110.5,1.1,6.91,3.94847718791381,6.6,89.1,-3.8,-50.6
1986,"Dec",110.5,1.1,6.91,3.94847718791381,6.6,89.1,-3.8,-3.8
1986,"Feb",109.3,3.1,7.86,9.96559194596661,7.2,95.9,-1.5,-20.5
1986,"Feb",109.3,3.1,7.86,9.96559194596661,7.2,95.9,-1.5,-1.5
1986,"Jan",109.6,3.9,8.14,10.3670039444349,6.7,95.6,-0.2,-0.2
1986,"Jan",109.6,3.9,8.14,10.3670039444349,6.7,95.6,-0.2,-2.1
1986,"Jul",109.5,1.6,6.56,6.27289565754271,7,97.7,-3.7,-55.9
1986,"Jul",109.5,1.6,6.56,6.27289565754271,7,97.7,-3.7,-3.7
1986,"Jun",109.5,1.8,6.92,7.02976042443836,7.2,99.3,-3.3,-51.5
1986,"Jun",109.5,1.8,6.92,7.02976042443836,7.2,99.3,-3.3,-3.3
1986,"Mar",108.8,2.3,7.48,9.32296509170822,7.2,95.1,-2.7,-42.6
1986,"Mar",108.8,2.3,7.48,9.32296509170822,7.2,95.1,-2.7,-2.7
1986,"May",108.9,1.5,6.85,7.87193973634651,7.2,94.8,-3.4,-3.4
1986,"May",108.9,1.5,6.85,7.87193973634651,7.2,94.8,-3.4,-52.8
1986,"Nov",110.4,1.3,6.04,4.74614577447735,6.9,91.4,-3.5,-50.5
1986,"Nov",110.4,1.3,6.04,4.74614577447735,6.9,91.4,-3.5,-3.5
1986,"Oct",110.3,1.5,5.85,5.16207455429498,7,95.6,-3.1,-50.1
1986,"Oct",110.3,1.5,5.85,5.16207455429498,7,95.6,-3.1,-3.1
1986,"Sep",110.2,1.8,5.89,5.36150464093795,7,91.9,-2.6,-2.6
1986,"Sep",110.2,1.8,5.89,5.36150464093795,7,91.9,-2.6,-49.3
1987,"Apr",112.7,3.8,6.37,5.59074204394401,6.3,92.8,2.3,29.8
1987,"Apr",112.7,3.8,6.37,5.59074204394401,6.3,92.8,2.3,2.3
1987,"Aug",114.4,4.3,6.73,6.18930663139997,6,94.4,4.5,69.7
1987,"Aug",114.4,4.3,6.73,6.18930663139997,6,94.4,4.5,4.5
1987,"Dec",115.4,4.4,6.77,5.93108504398826,5.7,86.8,4.5,28.8
1987,"Dec",115.4,4.4,6.77,5.93108504398826,5.7,86.8,4.5,4.5
1987,"Feb",111.6,2.1,6.1,4.8907636595169,6.6,90.2,-0.7,-0.7
1987,"Feb",111.6,2.1,6.1,4.8907636595169,6.6,90.2,-0.7,-21.4
1987,"Jan",111.2,1.5,6.43,4.13652531873226,6.6,90.4,-2.6,-40.2
1987,"Jan",111.2,1.5,6.43,4.13652531873226,6.6,90.4,-2.6,-2.6
1987,"Jul",113.8,3.9,6.58,6.40371583035102,6.1,93.7,4.1,4.1
1987,"Jul",113.8,3.9,6.58,6.40371583035102,6.1,93.7,4.1,60.8
1987,"Jun",113.5,3.7,6.73,6.28790786948177,6.2,91.5,3.1,3.1
1987,"Jun",113.5,3.7,6.73,6.28790786948177,6.2,91.5,3.1,37.6
1987,"Mar",112.1,3,6.13,5.40839287829142,6.6,90.8,0.9,0.9
1987,"Mar",112.1,3,6.13,5.40839287829142,6.6,90.8,0.9,8.5
1987,"May",113.1,3.9,6.85,5.92308882698854,6.3,91.1,2.6,2.6
1987,"May",113.1,3.9,6.85,5.92308882698854,6.3,91.1,2.6,36.8
1987,"Nov",115.4,4.5,6.69,5.97119905230814,5.8,83.1,4.4,4.4
1987,"Nov",115.4,4.5,6.69,5.97119905230814,5.8,83.1,4.4,35.1
1987,"Oct",115.3,4.5,7.29,5.60020837984669,6,89.3,4.4,4.4
1987,"Oct",115.3,4.5,7.29,5.60020837984669,6,89.3,4.4,35.2
1987,"Sep",115,4.4,7.22,5.89999250318615,5.9,93.6,4.3,4.3
1987,"Sep",115,4.4,7.22,5.89999250318615,5.9,93.6,4.3,36
1988,"Apr",117.1,3.9,6.87,3.44329226433501,5.4,91.2,3.8,-7.7
1988,"Apr",117.1,3.9,6.87,3.44329226433501,5.4,91.2,3.8,3.8
1988,"Aug",119,4,8.01,4.38992898644287,5.6,97.4,4,-26.4
1988,"Aug",119,4,8.01,4.38992898644287,5.6,97.4,4,4
1988,"Dec",120.5,4.4,8.76,5.81304840079253,5.3,91.9,4.6,-18.1
1988,"Dec",120.5,4.4,8.76,5.81304840079253,5.3,91.9,4.6,4.6
1988,"Feb",116,3.9,6.58,4.43312101910827,5.7,91.6,3.8,-5.2
1988,"Feb",116,3.9,6.58,4.43312101910827,5.7,91.6,3.8,3.8
1988,"Jan",115.7,4,6.83,5.25893800794489,5.7,90.8,4.1,-0.6
1988,"Jan",115.7,4,6.83,5.25893800794489,5.7,90.8,4.1,4.1
1988,"Jul",118.5,4.1,7.75,3.78553436487946,5.4,93.4,4.3,4.3
1988,"Jul",118.5,4.1,7.75,3.78553436487946,5.4,93.4,4.3,-23.6
1988,"Jun",118,4,7.51,3.22569018957688,5.4,94.7,4.1,4.1
1988,"Jun",118,4,7.51,3.22569018957688,5.4,94.7,4.1,-10.3
1988,"Mar",116.5,3.9,6.58,3.95831063659803,5.7,94.6,3.7,3.7
1988,"Mar",116.5,3.9,6.58,3.95831063659803,5.7,94.6,3.7,-9.8
1988,"May",117.5,3.9,7.09,3.08702080853979,5.6,94.8,3.8,3.8
1988,"May",117.5,3.9,7.09,3.08702080853979,5.6,94.8,3.8,-5.9
1988,"Nov",120.3,4.2,8.35,5.43119656603641,5.3,93,3.9,3.9
1988,"Nov",120.3,4.2,8.35,5.43119656603641,5.3,93,3.9,-30.7
1988,"Oct",120.2,4.2,8.3,5.28634361233479,5.4,94.1,3.9,3.9
1988,"Oct",120.2,4.2,8.3,5.28634361233479,5.4,94.1,3.9,-30.9
1988,"Sep",119.8,4.2,8.19,4.84372209323093,5.4,97.3,4.2,4.2
1988,"Sep",119.8,4.2,8.19,4.84372209323093,5.4,97.3,4.2,-26.3
1989,"Apr",123.1,5.1,9.84,6.72003298175696,5.2,91.5,6.1,20
1989,"Apr",123.1,5.1,9.84,6.72003298175696,5.2,91.5,6.1,6.1
1989,"Aug",124.6,4.7,8.99,5.67750677506775,5.2,89.6,3.7,18.9
1989,"Aug",124.6,4.7,8.99,5.67750677506775,5.2,89.6,3.7,3.7
1989,"Dec",126.1,4.6,8.45,3.99236998862192,5.4,90.5,3.7,35
1989,"Dec",126.1,4.6,8.45,3.99236998862192,5.4,90.5,3.7,3.7
1989,"Feb",121.6,4.8,9.36,6.51477146042363,5.2,95.4,5.7,5.7
1989,"Feb",121.6,4.8,9.36,6.51477146042363,5.2,95.4,5.7,1.2
1989,"Jan",121.1,4.7,9.12,6.14946969164853,5.4,97.9,5.6,5.6
1989,"Jan",121.1,4.7,9.12,6.14946969164853,5.4,97.9,5.6,-0.8
1989,"Jul",124.4,5,9.24,5.83944082519001,5.2,92,4.5,31.1
1989,"Jul",124.4,5,9.24,5.83944082519001,5.2,92,4.5,4.5
1989,"Jun",124.1,5.2,9.53,6.32316907160359,5.3,90.6,5.3,15.2
1989,"Jun",124.1,5.2,9.53,6.32316907160359,5.3,90.6,5.3,5.3
1989,"Mar",122.3,5,9.85,6.58663991420763,5,94.3,6.3,6.3
1989,"Mar",122.3,5,9.85,6.58663991420763,5,94.3,6.3,14.2
1989,"May",123.8,5.4,9.81,6.45933014354067,5.2,90.7,6.3,6.3
1989,"May",123.8,5.4,9.81,6.45933014354067,5.2,90.7,6.3,15.5
1989,"Nov",125.9,4.7,8.55,4.3386349909402,5.4,90.9,4.1,46.9
1989,"Nov",125.9,4.7,8.55,4.3386349909402,5.4,90.9,4.1,4.1
1989,"Oct",125.6,4.5,8.84,4.89663777695344,5.3,93.9,4.3,46.6
1989,"Oct",125.6,4.5,8.84,4.89663777695344,5.3,93.9,4.3,4.3
1989,"Sep",125,4.3,9.02,5.48209273225337,5.3,95.8,4,4
1989,"Sep",125,4.3,9.02,5.48209273225337,5.3,95.8,4,31.9
1990,"Apr",128.9,4.7,8.26,4.35129740518963,5.4,93.9,1.6,-10.7
1990,"Apr",128.9,4.7,8.26,4.35129740518963,5.4,93.9,1.6,1.6
1990,"Aug",131.6,5.6,8.13,3.67551392141556,5.7,76.4,4,40.6
1990,"Aug",131.6,5.6,8.13,3.67551392141556,5.7,76.4,4,4
1990,"Dec",133.8,6.1,7.31,3.18477398889769,6.3,65.5,5,32.6
1990,"Dec",133.8,6.1,7.31,3.18477398889769,6.3,65.5,5,5
1990,"Feb",128,5.3,8.24,4.18755430786713,5.3,89.5,3.2,29.2
1990,"Feb",128,5.3,8.24,4.18755430786713,5.3,89.5,3.2,3.2
1990,"Jan",127.4,5.2,8.23,4.04118059965904,5.4,93,4,29.4
1990,"Jan",127.4,5.2,8.23,4.04118059965904,5.4,93,4,4
1990,"Jul",130.4,4.8,8.15,4.31136155156598,5.5,88.2,1.5,-22.7
1990,"Jul",130.4,4.8,8.15,4.31136155156598,5.5,88.2,1.5,1.5
1990,"Jun",129.9,4.7,8.29,4.56421942600483,5.2,88.3,1.2,-17.8
1990,"Jun",129.9,4.7,8.29,4.56421942600483,5.2,88.3,1.2,1.2
1990,"Mar",128.7,5.2,8.28,4.3937727106044,5.2,91.3,2.4,11.3
1990,"Mar",128.7,5.2,8.28,4.3937727106044,5.2,91.3,2.4,2.4
1990,"May",129.2,4.4,8.18,4.72838358347722,5.4,90.6,1.2,1.2
1990,"May",129.2,4.4,8.18,4.72838358347722,5.4,90.6,1.2,-8.4
1990,"Nov",133.8,6.3,7.81,3.28407749018607,6.2,66,6.6,68.9
1990,"Nov",133.8,6.3,7.81,3.28407749018607,6.2,66,6.6,6.6
1990,"Oct",133.5,6.3,8.11,3.23689027327317,5.9,63.9,7.1,104.9
1990,"Oct",133.5,6.3,8.11,3.23689027327317,5.9,63.9,7.1,7.1
1990,"Sep",132.7,6.2,8.2,3.24333063864188,5.9,72.8,5.3,5.3
1990,"Sep",132.7,6.2,8.2,3.24333063864188,5.9,72.8,5.3,61.9
1991,"Apr",135.2,4.9,5.91,2.10207396301848,6.7,81.8,1.7,1.7
1991,"Apr",135.2,4.9,5.91,2.10207396301848,6.7,81.8,1.7,7
1991,"Aug",136.6,3.8,5.66,1.35101789019125,6.9,82,-0.3,-0.3
1991,"Aug",136.6,3.8,5.66,1.35101789019125,6.9,82,-0.3,-19.7
1991,"Dec",137.9,3.1,4.43,1.60462130937099,7.3,68.2,-2.4,-30.5
1991,"Dec",137.9,3.1,4.43,1.60462130937099,7.3,68.2,-2.4,-2.4
1991,"Feb",134.8,5.3,6.25,3.00390035228988,6.6,70.4,2.4,2.4
1991,"Feb",134.8,5.3,6.25,3.00390035228988,6.6,70.4,2.4,-1.2
1991,"Jan",134.6,5.7,6.91,2.95250726285209,6.4,66.8,3.6,3.6
1991,"Jan",134.6,5.7,6.91,2.95250726285209,6.4,66.8,3.6,36.7
1991,"Jul",136.2,4.4,5.82,1.17227477128238,6.8,82.9,1.4,28.1
1991,"Jul",136.2,4.4,5.82,1.17227477128238,6.8,82.9,1.4,1.4
1991,"Jun",136,4.7,5.9,1.29134642312599,6.9,82.1,1.8,1.8
1991,"Jun",136,4.7,5.9,1.29134642312599,6.9,82.1,1.8,17.3
1991,"Mar",135,4.9,6.12,2.57045233691734,6.8,87.7,1.8,-9.8
1991,"Mar",135,4.9,6.12,2.57045233691734,6.8,87.7,1.8,1.8
1991,"May",135.6,5,5.78,1.73717427982253,6.9,78.3,1.7,1.7
1991,"May",135.6,5,5.78,1.73717427982253,6.9,78.3,1.7,7.9
1991,"Nov",137.8,3,4.81,1.86967449273585,7,69.1,-3.1,-34.2
1991,"Nov",137.8,3,4.81,1.86967449273585,7,69.1,-3.1,-3.1
1991,"Oct",137.4,2.9,5.21,1.95440738808948,7,78.3,-3.6,-43.8
1991,"Oct",137.4,2.9,5.21,1.95440738808948,7,78.3,-3.6,-3.6
1991,"Sep",137.2,3.4,5.45,1.70220610827752,6.9,83,-1.9,-33.6
1991,"Sep",137.2,3.4,5.45,1.70220610827752,6.9,83,-1.9,-1.9
1992,"Apr",139.5,3.2,3.73,0.348097467290852,7.4,77.2,0.3,0.3
1992,"Apr",139.5,3.2,3.73,0.348097467290852,7.4,77.2,0.3,-0.5
1992,"Aug",140.9,3.1,3.3,1.39791356184798,7.6,76.1,1.3,1.3
1992,"Aug",140.9,3.1,3.3,1.39791356184798,7.6,76.1,1.3,0.2
1992,"Dec",141.9,2.9,2.92,1.47678073661112,7.4,91,1.5,-2.4
1992,"Dec",141.9,2.9,2.92,1.47678073661112,7.4,91,1.5,1.5
1992,"Feb",138.6,2.8,4.06,0.438795581782418,7.4,68.8,-1,-16.7
1992,"Feb",138.6,2.8,4.06,0.438795581782418,7.4,68.8,-1,-1
1992,"Jan",138.1,2.6,4.03,1.15278157982785,7.3,67.5,-2.9,-41.6
1992,"Jan",138.1,2.6,4.03,1.15278157982785,7.3,67.5,-2.9,-2.9
1992,"Jul",140.5,3.2,3.25,1.43321116772444,7.7,76.6,1.6,4.4
1992,"Jul",140.5,3.2,3.25,1.43321116772444,7.7,76.6,1.6,1.6
1992,"Jun",140.2,3.1,3.76,1.46185745398132,7.8,80.4,1.4,1.4
1992,"Jun",140.2,3.1,3.76,1.46185745398132,7.8,80.4,1.4,14.4
1992,"Mar",139.3,3.2,3.98,0.234805382461836,7.4,76,-0.1,-5.7
1992,"Mar",139.3,3.2,3.98,0.234805382461836,7.4,76,-0.1,-0.1
1992,"May",139.7,3,3.82,1.14567753514808,7.6,79.2,0.6,0.6
1992,"May",139.7,3,3.82,1.14567753514808,7.6,79.2,0.6,0.7
1992,"Nov",142,3,3.09,1.29549844005348,7.4,85.3,1.2,-8.6
1992,"Nov",142,3,3.09,1.29549844005348,7.4,85.3,1.2,1.2
1992,"Oct",141.8,3.2,3.1,0.979137525668868,7.3,73.3,1.5,-4.4
1992,"Oct",141.8,3.2,3.1,0.979137525668868,7.3,73.3,1.5,1.5
1992,"Sep",141.3,3,3.22,1.24891949089391,7.6,75.6,1.6,1.6
1992,"Sep",141.3,3,3.22,1.24891949089391,7.6,75.6,1.6,4.5
1993,"Apr",144,3.2,2.96,2.05900520634174,7.1,85.6,2.6,2.6
1993,"Apr",144,3.2,2.96,2.05900520634174,7.1,85.6,2.6,3
1993,"Aug",144.8,2.8,3.03,1.1768859597505,6.8,77.3,0.8,0.8
1993,"Aug",144.8,2.8,3.03,1.1768859597505,6.8,77.3,0.8,-20.2
1993,"Dec",145.8,2.7,2.96,0.347475691301431,6.5,88.2,0.9,-27.7
1993,"Dec",145.8,2.7,2.96,0.347475691301431,6.5,88.2,0.9,0.9
1993,"Feb",143.1,3.2,3.03,1.79999999999999,7.1,86.6,2.1,4.9
1993,"Feb",143.1,3.2,3.03,1.79999999999999,7.1,86.6,2.1,2.1
1993,"Jan",142.6,3.3,3.02,1.65030166804685,7.3,89.3,2.1,2.1
1993,"Jan",142.6,3.3,3.02,1.65030166804685,7.3,89.3,2.1,1.4
1993,"Jul",144.4,2.8,3.06,1.36126580040661,6.9,77,1.1,-18.9
1993,"Jul",144.4,2.8,3.06,1.36126580040661,6.9,77,1.1,1.1
1993,"Jun",144.4,3,3.04,1.0932987564095,7,81.5,1.3,-17.7
1993,"Jun",144.4,3,3.04,1.0932987564095,7,81.5,1.3,1.3
1993,"Mar",143.6,3.1,3.07,2.00945973736009,7,85.9,2.2,13.9
1993,"Mar",143.6,3.1,3.07,2.00945973736009,7,85.9,2.2,2.2
1993,"May",144.2,3.2,3,1.58594715471077,7.1,80.3,2.1,2.1
1993,"May",144.2,3.2,3,1.58594715471077,7.1,80.3,2.1,-2.2
1993,"Nov",145.8,2.7,3.02,0.499051510287463,6.6,81.2,1,-21.4
1993,"Nov",145.8,2.7,3.02,0.499051510287463,6.6,81.2,1,1
1993,"Oct",145.7,2.8,2.99,0.80612185291198,6.8,82.7,0.8,0.8
1993,"Oct",145.7,2.8,2.99,0.80612185291198,6.8,82.7,0.8,-18.3
1993,"Sep",145.1,2.7,3.09,0.994047444506351,6.7,77.9,0.6,-26.3
1993,"Sep",145.1,2.7,3.09,0.994047444506351,6.7,77.9,0.6,0.6
1994,"Apr",147.4,2.4,3.56,0.524726643801473,6.4,92.6,0.3,0.3
1994,"Apr",147.4,2.4,3.56,0.524726643801473,6.4,92.6,0.3,-26
1994,"Aug",149,2.9,4.47,2.99793946077721,6,91.7,2.1,2.1
1994,"Aug",149,2.9,4.47,2.99793946077721,6,91.7,2.1,12.6
1994,"Dec",149.7,2.7,5.45,4.11857821269247,5.5,95.1,2.8,21.1
1994,"Dec",149.7,2.7,5.45,4.11857821269247,5.5,95.1,2.8,2.8
1994,"Feb",146.7,2.5,3.25,0.415873480743894,6.6,93.2,0.8,-32.6
1994,"Feb",146.7,2.5,3.25,0.415873480743894,6.6,93.2,0.8,0.8
1994,"Jan",146.2,2.5,3.05,0.511830598695563,6.6,94.3,0.9,-24.4
1994,"Jan",146.2,2.5,3.05,0.511830598695563,6.6,94.3,0.9,0.9
1994,"Jul",148.4,2.8,4.26,2.30098779779199,6.1,89,1.3,1.3
1994,"Jul",148.4,2.8,4.26,2.30098779779199,6.1,89,1.3,12
1994,"Jun",148,2.5,4.25,2.01603532419243,6.1,91.2,0.8,0.8
1994,"Jun",148,2.5,4.25,2.01603532419243,6.1,91.2,0.8,0
1994,"Mar",147.2,2.5,3.34,0.322419907963772,6.5,91.5,0.8,0.8
1994,"Mar",147.2,2.5,3.34,0.322419907963772,6.5,91.5,0.8,-31.8
1994,"May",147.5,2.3,4.01,0.97180598795425,6.1,92.8,0.2,-15.5
1994,"May",147.5,2.3,4.01,0.97180598795425,6.1,92.8,0.2,0.2
1994,"Nov",149.7,2.7,5.29,3.82409728826259,5.6,91.6,2.1,2.1
1994,"Nov",149.7,2.7,5.29,3.82409728826259,5.6,91.6,2.1,6.7
1994,"Oct",149.5,2.6,4.76,3.73477594237278,5.8,92.7,1.5,1.5
1994,"Oct",149.5,2.6,4.76,3.73477594237278,5.8,92.7,1.5,-4.8
1994,"Sep",149.4,3,4.73,3.36017611957592,5.9,91.5,1.9,3.9
1994,"Sep",149.4,3,4.73,3.36017611957592,5.9,91.5,1.9,1.9
1995,"Apr",151.9,3.1,6.05,5.70189297101657,5.8,92.5,4.1,4.1
1995,"Apr",151.9,3.1,6.05,5.70189297101657,5.8,92.5,4.1,29.5
1995,"Aug",152.9,2.6,5.74,4.44673953581777,5.7,96.2,3.2,3.2
1995,"Aug",152.9,2.6,5.74,4.44673953581777,5.7,96.2,3.2,-9.7
1995,"Dec",153.5,2.5,5.6,5.42393299678751,5.6,91,3.1,3.1
1995,"Dec",153.5,2.5,5.6,5.42393299678751,5.6,91,3.1,10.8
1995,"Feb",150.9,2.9,5.92,4.94576632045344,5.4,95.1,3.5,3.5
1995,"Feb",150.9,2.9,5.92,4.94576632045344,5.4,95.1,3.5,34.9
1995,"Jan",150.3,2.8,5.53,4.47494891939336,5.6,97.6,3.2,3.2
1995,"Jan",150.3,2.8,5.53,4.47494891939336,5.6,97.6,3.2,23.2
1995,"Jul",152.5,2.8,5.85,4.8649733386847,5.7,94.4,3.8,3.8
1995,"Jul",152.5,2.8,5.85,4.8649733386847,5.7,94.4,3.8,-14.1
1995,"Jun",152.5,3,6,4.98922258945251,5.6,92.7,4,4
1995,"Jun",152.5,3,6,4.98922258945251,5.6,92.7,4,0.8
1995,"Mar",151.4,2.9,5.98,5.62627510703716,5.4,90.3,3.5,3.5
1995,"Mar",151.4,2.9,5.98,5.62627510703716,5.4,90.3,3.5,27.8
1995,"May",152.2,3.2,6.01,5.3111034719835,5.6,89.8,4.2,4.2
1995,"May",152.2,3.2,6.01,5.3111034719835,5.6,89.8,4.2,14.5
1995,"Nov",153.6,2.6,5.8,5.02408809359944,5.6,88.2,3.2,3.2
1995,"Nov",153.6,2.6,5.8,5.02408809359944,5.6,88.2,3.2,-0.2
1995,"Oct",153.7,2.8,5.76,4.57480699136125,5.5,90.2,3.6,3.6
1995,"Oct",153.7,2.8,5.76,4.57480699136125,5.5,90.2,3.6,-2
1995,"Sep",153.2,2.5,5.8,4.34009351424228,5.6,88.9,3.5,3.5
1995,"Sep",153.2,2.5,5.8,4.34009351424228,5.6,88.9,3.5,6.4
1996,"Apr",156.3,2.9,5.22,5.124028349337,5.6,92.7,2.2,19.3
1996,"Apr",156.3,2.9,5.22,5.124028349337,5.6,92.7,2.2,2.2
1996,"Aug",157.3,2.9,5.22,5.94594594594595,5.1,95.3,2.6,26.3
1996,"Aug",157.3,2.9,5.22,5.94594594594595,5.1,95.3,2.6,2.6
1996,"Dec",158.6,3.3,5.29,5.90439454470313,5.4,96.9,2.7,35.8
1996,"Dec",158.6,3.3,5.29,5.90439454470313,5.4,96.9,2.7,2.7
1996,"Feb",154.9,2.7,5.22,5.28668443221869,5.5,88.5,2.2,3.5
1996,"Feb",154.9,2.7,5.22,5.28668443221869,5.5,88.5,2.2,2.2
1996,"Jan",154.4,2.7,5.56,5.3458939411293,5.6,89.3,2.8,2.8
1996,"Jan",154.4,2.7,5.56,5.3458939411293,5.6,89.3,2.8,15.7
1996,"Jul",157,3,5.4,5.23630655379268,5.5,94.7,2.2,24
1996,"Jul",157,3,5.4,5.23630655379268,5.5,94.7,2.2,2.2
1996,"Jun",156.7,2.8,5.27,5.17061624728789,5.3,92.4,2.2,8.3
1996,"Jun",156.7,2.8,5.27,5.17061624728789,5.3,92.4,2.2,2.2
1996,"Mar",155.7,2.8,5.31,4.99269571195325,5.5,93.7,2,14
1996,"Mar",155.7,2.8,5.31,4.99269571195325,5.5,93.7,2,2
1996,"May",156.6,2.9,5.24,5.09619204358436,5.6,89.4,2.6,2.6
1996,"May",156.6,2.9,5.24,5.09619204358436,5.6,89.4,2.6,8.9
1996,"Nov",158.6,3.3,5.31,6.06922843172464,5.4,99.2,2.2,39.8
1996,"Nov",158.6,3.3,5.31,6.06922843172464,5.4,99.2,2.2,2.2
1996,"Oct",158.3,3,5.24,6.07461116953562,5.2,96.5,2.2,49.1
1996,"Oct",158.3,3,5.24,6.07461116953562,5.2,96.5,2.2,2.2
1996,"Sep",157.8,3,5.3,6.09921989950306,5.2,94.7,2.4,2.4
1996,"Sep",157.8,3,5.3,6.09921989950306,5.2,94.7,2.4,30.7
1997,"Apr",160.2,2.5,5.51,7.11793817778619,5.1,101.4,-0.3,-15
1997,"Apr",160.2,2.5,5.51,7.11793817778619,5.1,101.4,-0.3,-0.3
1997,"Aug",160.8,2.2,5.54,7.24626068376068,4.8,104.4,-0.9,-11.5
1997,"Aug",160.8,2.2,5.54,7.24626068376068,4.8,104.4,-0.9,-0.9
1997,"Dec",161.3,1.7,5.5,8.96401822657518,4.7,102.1,-1.8,-28.3
1997,"Dec",161.3,1.7,5.5,8.96401822657518,4.7,102.1,-1.8,-1.8
1997,"Feb",159.6,3,5.19,6.62515702659894,5.2,99.7,1.8,1.8
1997,"Feb",159.6,3,5.19,6.62515702659894,5.2,99.7,1.8,22.2
1997,"Jan",159.1,3,5.25,6.07472792565585,5.3,97.4,2.7,31.1
1997,"Jan",159.1,3,5.25,6.07472792565585,5.3,97.4,2.7,2.7
1997,"Jul",160.5,2.2,5.52,7.48976479088063,4.9,107.1,-0.9,-0.9
1997,"Jul",160.5,2.2,5.52,7.48976479088063,4.9,107.1,-0.9,-8.3
1997,"Jun",160.3,2.3,5.56,7.47078576225656,5,104.5,-0.6,-0.6
1997,"Jun",160.3,2.3,5.56,7.47078576225656,5,104.5,-0.6,-10.2
1997,"Mar",160,2.8,5.39,6.8648458054192,5.2,100,0.7,0.7
1997,"Mar",160,2.8,5.39,6.8648458054192,5.2,100,0.7,-2.4
1997,"May",160.1,2.2,5.5,7.41858960534828,4.9,103.2,-0.5,-0.5
1997,"May",160.1,2.2,5.5,7.41858960534828,4.9,103.2,-0.5,-1.3
1997,"Nov",161.5,1.8,5.52,8.73758267239334,4.6,107.2,-0.2,-0.2
1997,"Nov",161.5,1.8,5.52,8.73758267239334,4.6,107.2,-0.2,-17.7
1997,"Oct",161.6,2.1,5.5,8.35983884648006,4.7,105.6,-0.2,-0.2
1997,"Oct",161.6,2.1,5.5,8.35983884648006,4.7,105.6,-0.2,-20.4
1997,"Sep",161.2,2.2,5.54,7.84621942771888,4.9,106,-0.5,-0.5
1997,"Sep",161.2,2.2,5.54,7.84621942771888,4.9,106,-0.5,-20.7
1998,"Apr",162.5,1.4,5.45,8.2667010575187,4.3,108.7,-1.7,-32.1
1998,"Apr",162.5,1.4,5.45,8.2667010575187,4.3,108.7,-1.7,-1.7
1998,"Aug",163.4,1.6,5.55,8.16192449588113,4.5,104.4,-2.4,-44.6
1998,"Aug",163.4,1.6,5.55,8.16192449588113,4.5,104.4,-2.4,-2.4
1998,"Dec",163.9,1.6,4.68,6.51640258870788,4.4,100.5,-3.2,-48.6
1998,"Dec",163.9,1.6,4.68,6.51640258870788,4.4,100.5,-3.2,-3.2
1998,"Feb",161.9,1.4,5.51,8.74606764942932,4.6,110.4,-2.7,-33
1998,"Feb",161.9,1.4,5.51,8.74606764942932,4.6,110.4,-2.7,-2.7
1998,"Jan",161.6,1.6,5.56,9.03353674438013,4.6,106.6,-3.3,-40.9
1998,"Jan",161.6,1.6,5.56,9.03353674438013,4.6,106.6,-3.3,-3.3
1998,"Jul",163.2,1.7,5.54,8.42783964932847,4.5,105.2,-1.6,-1.6
1998,"Jul",163.2,1.7,5.54,8.42783964932847,4.5,105.2,-1.6,-34.6
1998,"Jun",163,1.7,5.56,8.27188940092164,4.5,105.6,-1.9,-1.9
1998,"Jun",163,1.7,5.56,8.27188940092164,4.5,105.6,-1.9,-35.1
1998,"Mar",162.2,1.4,5.49,8.23060188542422,4.7,106.5,-2,-2
1998,"Mar",162.2,1.4,5.49,8.23060188542422,4.7,106.5,-2,-36.4
1998,"May",162.8,1.7,5.49,8.25105420137819,4.4,106.5,-1.8,-1.8
1998,"May",162.8,1.7,5.49,8.25105420137819,4.4,106.5,-1.8,-36.4
1998,"Nov",164,1.5,4.83,6.57816080502143,4.4,102.7,-3.4,-3.4
1998,"Nov",164,1.5,4.83,6.57816080502143,4.4,102.7,-3.4,-42
1998,"Oct",164,1.5,5.07,7.10868421711796,4.5,97.4,-3,-3
1998,"Oct",164,1.5,5.07,7.10868421711796,4.5,97.4,-3,-38.6
1998,"Sep",163.6,1.5,5.51,7.55329591502855,4.6,100.9,-2.9,-2.9
1998,"Sep",163.6,1.5,5.51,7.55329591502855,4.6,100.9,-2.9,-32.5
1999,"Apr",166.2,2.3,4.74,7.37645524370805,4.3,104.6,-1,-1
1999,"Apr",166.2,2.3,4.74,7.37645524370805,4.3,104.6,-1,11.3
1999,"Aug",167.1,2.3,5.07,6.28561969399579,4.2,104.5,2.2,88.2
1999,"Aug",167.1,2.3,5.07,6.28561969399579,4.2,104.5,2.2,2.2
1999,"Dec",168.3,2.7,5.3,6.55970012799415,4,105.4,4.1,172
1999,"Dec",168.3,2.7,5.3,6.55970012799415,4,105.4,4.1,4.1
1999,"Feb",164.5,1.6,4.76,6.21438528699649,4.4,108.1,-2.2,-2.2
1999,"Feb",164.5,1.6,4.76,6.21438528699649,4.4,108.1,-2.2,-39.4
1999,"Jan",164.3,1.7,4.63,6.49869335831565,4.3,103.9,-2,-2
1999,"Jan",164.3,1.7,4.63,6.49869335831565,4.3,103.9,-2,-30.4
1999,"Jul",166.7,2.1,4.99,6.06356153955944,4.3,106,0.6,49.6
1999,"Jul",166.7,2.1,4.99,6.06356153955944,4.3,106,0.6,0.6
1999,"Jun",166.2,2,4.76,6.32394063239407,4.3,107.3,0.3,45.2
1999,"Jun",166.2,2,4.76,6.32394063239407,4.3,107.3,0.3,0.3
1999,"Mar",165,1.7,4.81,6.7593515300294,4.2,105.7,-1.7,-1.7
1999,"Mar",165,1.7,4.81,6.7593515300294,4.2,105.7,-1.7,-7
1999,"May",166.2,2.1,4.74,6.44990875036018,4.2,106.8,-0.3,23.2
1999,"May",166.2,2.1,4.74,6.44990875036018,4.2,106.8,-0.3,-0.3
1999,"Nov",168.3,2.6,5.42,6.2074360390208,4.1,107.2,3.8,104
1999,"Nov",168.3,2.6,5.42,6.2074360390208,4.1,107.2,3.8,3.8
1999,"Oct",168.2,2.6,5.2,6.44659563107923,4.1,103.2,3,73
1999,"Oct",168.2,2.6,5.2,6.44659563107923,4.1,103.2,3,3
1999,"Sep",167.9,2.6,5.22,6.68994282500703,4.2,107.2,3.4,3.4
1999,"Sep",167.9,2.6,5.22,6.68994282500703,4.2,107.2,3.4,81.9
2000,"Apr",171.3,3.1,6.02,8.29017867150894,3.8,109.2,5.7,5.7
2000,"Apr",171.3,3.1,6.02,8.29017867150894,3.8,109.2,5.7,64.2
2000,"Aug",172.8,3.4,6.5,9.22073071599622,4.1,107.3,4.7,56.1
2000,"Aug",172.8,3.4,6.5,9.22073071599622,4.1,107.3,4.7,4.7
2000,"Dec",174,3.4,6.4,10.9702457956016,3.9,98.4,6.6,11
2000,"Dec",174,3.4,6.4,10.9702457956016,3.9,98.4,6.6,6.6
2000,"Feb",169.8,3.2,5.73,7.56332903983912,4.1,111.3,6.1,218.7
2000,"Feb",169.8,3.2,5.73,7.56332903983912,4.1,111.3,6.1,6.1
2000,"Jan",168.8,2.7,5.45,7.02993685549448,4,112,4.4,139.1
2000,"Jan",168.8,2.7,5.45,7.02993685549448,4,112,4.4,4.4
2000,"Jul",172.8,3.7,6.54,9.13000330797221,4,108.3,6.4,55.1
2000,"Jul",172.8,3.7,6.54,9.13000330797221,4,108.3,6.4,6.4
2000,"Jun",172.4,3.7,6.53,8.91240681576144,4,106.4,6.9,84
2000,"Jun",172.4,3.7,6.53,8.91240681576144,4,106.4,6.9,6.9
2000,"Mar",171.2,3.8,5.85,8.16317321360078,4,107.1,6.7,6.7
2000,"Mar",171.2,3.8,5.85,8.16317321360078,4,107.1,6.7,161
2000,"May",171.5,3.2,6.27,8.45205448910887,4,110.7,5.5,5.5
2000,"May",171.5,3.2,6.27,8.45205448910887,4,110.7,5.5,68.6
2000,"Nov",174.1,3.4,6.51,10.8556555688103,3.9,107.6,5.2,5.2
2000,"Nov",174.1,3.4,6.51,10.8556555688103,3.9,107.6,5.2,48.1
2000,"Oct",174,3.4,6.51,10.1905695306545,3.9,105.8,6,6
2000,"Oct",174,3.4,6.51,10.1905695306545,3.9,105.8,6,52.9
2000,"Sep",173.7,3.5,6.52,10.841342469952,3.9,106.8,5.2,48.7
2000,"Sep",173.7,3.5,6.52,10.841342469952,3.9,106.8,5.2,5.2
2001,"Apr",176.9,3.3,4.8,7.54285474496968,4.4,88.4,4.4,4.4
2001,"Apr",176.9,3.3,4.8,7.54285474496968,4.4,88.4,4.4,7
2001,"Aug",177.5,2.7,3.65,8.1868188894655,4.9,91.5,0.4,-18.7
2001,"Aug",177.5,2.7,3.65,8.1868188894655,4.9,91.5,0.4,0.4
2001,"Dec",176.7,1.6,1.82,6.86700507614213,5.7,88.8,-5.9,-5.9
2001,"Dec",176.7,1.6,1.82,6.86700507614213,5.7,88.8,-5.9,-42.4
2001,"Feb",175.8,3.5,5.49,10.0290635551566,4.2,90.6,5.9,5.9
2001,"Feb",175.8,3.5,5.49,10.0290635551566,4.2,90.6,5.9,-3.4
2001,"Jan",175.1,3.7,5.98,10.2524538168103,4.2,94.7,9.1,4.4
2001,"Jan",175.1,3.7,5.98,10.2524538168103,4.2,94.7,9.1,9.1
2001,"Jul",177.5,2.7,3.77,8.05320081847415,4.6,92.4,-0.2,-12.6
2001,"Jul",177.5,2.7,3.77,8.05320081847415,4.6,92.4,-0.2,-0.2
2001,"Jun",178,3.2,3.97,7.81675677941238,4.5,92.6,1.3,-14.3
2001,"Jun",178,3.2,3.97,7.81675677941238,4.5,92.6,1.3,1.3
2001,"Mar",176.2,2.9,5.31,8.98475648592416,4.3,91.5,3.9,3.9
2001,"Mar",176.2,2.9,5.31,8.98475648592416,4.3,91.5,3.9,-15.9
2001,"May",177.7,3.6,4.21,8.1722375312901,4.3,92,4,4
2001,"May",177.7,3.6,4.21,8.1722375312901,4.3,92,4,-2.4
2001,"Nov",177.4,1.9,2.09,7.57740302850235,5.5,83.9,-3.9,-48.1
2001,"Nov",177.4,1.9,2.09,7.57740302850235,5.5,83.9,-3.9,-3.9
2001,"Oct",177.7,2.1,2.49,7.46118458884415,5.3,82.7,-3.8,-38.9
2001,"Oct",177.7,2.1,2.49,7.46118458884415,5.3,82.7,-3.8,-3.8
2001,"Sep",178.3,2.6,3.07,6.33808621115965,5,81.8,-1,-25.1
2001,"Sep",178.3,2.6,3.07,6.33808621115965,5,81.8,-1,-1
2002,"Apr",179.8,1.6,1.75,7.85451430129092,5.9,93,-4.1,-5.1
2002,"Apr",179.8,1.6,1.75,7.85451430129092,5.9,93,-4.1,-4.1
2002,"Aug",180.7,1.8,1.74,8.958985717559,5.7,87.6,-1.4,0.3
2002,"Aug",180.7,1.8,1.74,8.958985717559,5.7,87.6,-1.4,-1.4
2002,"Dec",180.9,2.4,1.24,5.4345025580625,6,86.7,3.7,3.7
2002,"Dec",180.9,2.4,1.24,5.4345025580625,6,86.7,3.7,60.6
2002,"Feb",177.8,1.1,1.74,7.12590494804651,5.7,90.7,-6.6,-33.7
2002,"Feb",177.8,1.1,1.74,7.12590494804651,5.7,90.7,-6.6,-6.6
2002,"Jan",177.1,1.1,1.73,7.04423498201258,5.7,93,-8.2,-35.5
2002,"Jan",177.1,1.1,1.73,7.04423498201258,5.7,93,-8.2,-8.2
2002,"Jul",180.1,1.5,1.73,8.71737709958872,5.8,88.1,-1.6,-6.2
2002,"Jul",180.1,1.5,1.73,8.71737709958872,5.8,88.1,-1.6,-1.6
2002,"Jun",179.9,1.1,1.75,8.68850874649657,5.8,92.4,-3.4,-17.4
2002,"Jun",179.9,1.1,1.75,8.68850874649657,5.8,92.4,-3.4,-3.4
2002,"Mar",178.8,1.5,1.73,7.22003154574132,5.7,95.7,-4.5,-4.5
2002,"Mar",178.8,1.5,1.73,7.22003154574132,5.7,95.7,-4.5,-11.1
2002,"May",179.8,1.2,1.75,8.52912526787454,5.8,96.9,-4.4,-4.4
2002,"May",179.8,1.2,1.75,8.52912526787454,5.8,96.9,-4.4,-0.8
2002,"Nov",181.3,2.2,1.34,5.91919417187035,5.9,84.2,2.5,31.8
2002,"Nov",181.3,2.2,1.34,5.91919417187035,5.9,84.2,2.5,2.5
2002,"Oct",181.3,2,1.75,6.80519383185626,5.7,80.6,2.2,34.8
2002,"Oct",181.3,2,1.75,6.80519383185626,5.7,80.6,2.2,2.2
2002,"Sep",181,1.5,1.75,7.79298481788947,5.7,86.1,-0.8,-0.8
2002,"Sep",181,1.5,1.75,7.79298481788947,5.7,86.1,-0.8,6.2
2003,"Apr",183.8,2.2,1.26,5.32081377151799,6,86,4.6,4.6
2003,"Apr",183.8,2.2,1.26,5.32081377151799,6,86,4.6,7.6
2003,"Aug",184.6,2.2,1.03,3.72540663399389,6.1,89.3,4.9,4.9
2003,"Aug",184.6,2.2,1.03,3.72540663399389,6.1,89.3,4.9,15.1
2003,"Dec",184.3,1.9,0.98,6.08108108108108,5.7,92.6,5,14.3
2003,"Dec",184.3,1.9,0.98,6.08108108108108,5.7,92.6,5,5
2003,"Feb",183.1,3,1.26,4.989604989605,5.9,79.9,7.2,7.2
2003,"Feb",183.1,3,1.26,4.989604989605,5.9,79.9,7.2,77.9
2003,"Jan",181.7,2.6,1.24,4.96690563062649,5.8,82.4,5.3,5.3
2003,"Jan",181.7,2.6,1.24,4.96690563062649,5.8,82.4,5.3,77.2
2003,"Jul",183.9,2.1,1.01,4.32269954017642,6.2,90.9,5,20.6
2003,"Jul",183.9,2.1,1.01,4.32269954017642,6.2,90.9,5,5
2003,"Jun",183.7,2.1,1.22,4.94906697917606,6.3,89.7,5.4,5.4
2003,"Jun",183.7,2.1,1.22,4.94906697917606,6.3,89.7,5.4,29.4
2003,"Mar",184.2,3,1.25,5.25367593536178,5.9,77.6,8.8,46.3
2003,"Mar",184.2,3,1.25,5.25367593536178,5.9,77.6,8.8,8.8
2003,"May",183.5,2.1,1.26,5.59268314769538,6.1,92.1,4.5,4.5
2003,"May",183.5,2.1,1.26,5.59268314769538,6.1,92.1,4.5,-4
2003,"Nov",184.5,1.8,1,5.75070427433659,5.8,93.7,4.4,18.9
2003,"Nov",184.5,1.8,1,5.75070427433659,5.8,93.7,4.4,4.4
2003,"Oct",185,2,1.01,5.4329520735387,6,89.6,4.6,6.5
2003,"Oct",185,2,1.01,5.4329520735387,6,89.6,4.6,4.6
2003,"Sep",185.2,2.3,1.01,4.81789250353607,6.1,87.7,4.7,-3.2
2003,"Sep",185.2,2.3,1.01,4.81789250353607,6.1,87.7,4.7,4.7
2004,"Apr",188,2.3,1,4.48735336000542,5.6,94.2,5.8,5.8
2004,"Apr",188,2.3,1,4.48735336000542,5.6,94.2,5.8,29.3
2004,"Aug",189.5,2.7,1.43,4.25517964857067,5.4,95.9,7.2,7.2
2004,"Aug",189.5,2.7,1.43,4.25517964857067,5.4,95.9,7.2,42.4
2004,"Dec",190.3,3.3,2.16,4.3446013877672,5.4,97.1,7.7,7.7
2004,"Dec",190.3,3.3,2.16,4.3446013877672,5.4,97.1,7.7,30.5
2004,"Feb",186.2,1.7,1.01,5.45311349666992,5.6,94.4,3.3,3.3
2004,"Feb",186.2,1.7,1.01,5.45311349666992,5.6,94.4,3.3,-5.6
2004,"Jan",185.2,1.9,1,6.01247286634738,5.7,103.8,4.5,4.5
2004,"Jan",185.2,1.9,1,6.01247286634738,5.7,103.8,4.5,5.6
2004,"Jul",189.4,3,1.26,4.18852499710393,5.5,96.7,7,7
2004,"Jul",189.4,3,1.26,4.18852499710393,5.5,96.7,7,28
2004,"Jun",189.7,3.3,1.03,3.92428285523683,5.6,95.6,6.7,6.7
2004,"Jun",189.7,3.3,1.03,3.92428285523683,5.6,95.6,6.7,20.5
2004,"Mar",187.4,1.7,1,4.97833282151021,5.8,95.8,1.3,1.3
2004,"Mar",187.4,1.7,1,4.97833282151021,5.8,95.8,1.3,1.6
2004,"May",189.1,3.1,1,3.44335744131022,5.6,90.2,7.4,7.4
2004,"May",189.1,3.1,1,3.44335744131022,5.6,90.2,7.4,43.9
2004,"Nov",191,3.5,1.93,4.20490682308744,5.4,92.8,9,9
2004,"Nov",191,3.5,1.93,4.20490682308744,5.4,92.8,9,55.5
2004,"Oct",190.9,3.2,1.76,4.37528860742793,5.5,91.7,7.7,7.7
2004,"Oct",190.9,3.2,1.76,4.37528860742793,5.5,91.7,7.7,71.2
2004,"Sep",189.9,2.5,1.61,4.26491898300619,5.4,94.2,6.6,6.6
2004,"Sep",189.9,2.5,1.61,4.26491898300619,5.4,94.2,6.6,57.7
2005,"Apr",194.6,3.5,2.79,5.55950381186201,5.2,87.7,7,39.7
2005,"Apr",194.6,3.5,2.79,5.55950381186201,5.2,87.7,7,7
2005,"Aug",196.4,3.6,3.5,5.49710011726303,4.9,89.1,6.5,44.3
2005,"Aug",196.4,3.6,3.5,5.49710011726303,4.9,89.1,6.5,6.5
2005,"Dec",196.8,3.4,4.16,6.07170122929749,4.9,91.5,8.5,49.6
2005,"Dec",196.8,3.4,4.16,6.07170122929749,4.9,91.5,8.5,8.5
2005,"Feb",191.8,3,2.5,5.16494120340841,5.4,94.1,6.7,6.7
2005,"Feb",191.8,3,2.5,5.16494120340841,5.4,94.1,6.7,37.8
2005,"Jan",190.7,3,2.28,4.93457328614929,5.3,95.5,6.7,31.6
2005,"Jan",190.7,3,2.28,4.93457328614929,5.3,95.5,6.7,6.7
2005,"Jul",195.4,3.2,3.26,5.55193100265742,5,96.5,6,6
2005,"Jul",195.4,3.2,3.26,5.55193100265742,5,96.5,6,53.3
2005,"Jun",194.5,2.5,3.04,5.40786221194481,5,96,4.8,4.8
2005,"Jun",194.5,2.5,3.04,5.40786221194481,5,96,4.8,48.8
2005,"Mar",193.3,3.1,2.63,5.21942732638494,5.2,92.6,7.4,7.4
2005,"Mar",193.3,3.1,2.63,5.21942732638494,5.2,92.6,7.4,50.1
2005,"May",194.4,2.8,3,5.32218694660263,5.1,86.9,5.1,5.1
2005,"May",194.4,2.8,3,5.32218694660263,5.1,86.9,5.1,26.9
2005,"Nov",197.6,3.5,4,5.83455732991655,5,81.6,8.1,8.1
2005,"Nov",197.6,3.5,4,5.83455732991655,5,81.6,8.1,23
2005,"Oct",199.2,4.3,3.78,5.56540567680793,5,74.2,10.8,10.8
2005,"Oct",199.2,4.3,3.78,5.56540567680793,5,74.2,10.8,21.8
2005,"Sep",198.8,4.7,3.62,5.35672072242447,5,76.9,9.8,9.8
2005,"Sep",198.8,4.7,3.62,5.35672072242447,5,76.9,9.8,44.8
2006,"Apr",201.5,3.5,4.79,6.67916169705231,4.7,87.4,6,36.1
2006,"Apr",201.5,3.5,4.79,6.67916169705231,4.7,87.4,6,6
2006,"Aug",203.9,3.8,5.25,7.12307083498219,4.7,82,6.5,15.5
2006,"Aug",203.9,3.8,5.25,7.12307083498219,4.7,82,6.5,6.5
2006,"Dec",201.8,2.5,5.24,5.9863212559302,4.4,91.7,1.6,0.1
2006,"Dec",201.8,2.5,5.24,5.9863212559302,4.4,91.7,1.6,1.6
2006,"Feb",198.7,3.6,4.49,5.85592587986569,4.8,86.7,6.7,29.3
2006,"Feb",198.7,3.6,4.49,5.85592587986569,4.8,86.7,6.7,6.7
2006,"Jan",198.3,4,4.29,5.99735387967936,4.7,91.2,8.9,8.9
2006,"Jan",198.3,4,4.29,5.99735387967936,4.7,91.2,8.9,43.7
2006,"Jul",203.5,4.1,5.24,6.46587328295652,4.7,84.7,6.7,24.9
2006,"Jul",203.5,4.1,5.24,6.46587328295652,4.7,84.7,6.7,6.7
2006,"Jun",202.9,4.3,4.99,6.66635924867043,4.6,84.9,7.6,26.8
2006,"Jun",202.9,4.3,4.99,6.66635924867043,4.6,84.9,7.6,7.6
2006,"Mar",199.8,3.4,4.59,6.15035936602556,4.7,88.9,5.5,15.4
2006,"Mar",199.8,3.4,4.59,6.15035936602556,4.7,88.9,5.5,5.5
2006,"May",202.5,4.2,4.94,6.7739792686883,4.6,79.1,7.5,7.5
2006,"May",202.5,4.2,4.94,6.7739792686883,4.6,79.1,7.5,41.9
2006,"Nov",201.5,2,5.25,6.21187077385425,4.5,92.1,0.5,0.3
2006,"Nov",201.5,2,5.25,6.21187077385425,4.5,92.1,0.5,0.5
2006,"Oct",201.8,1.3,5.25,6.38538246015726,4.4,93.6,-2.4,-8.5
2006,"Oct",201.8,1.3,5.25,6.38538246015726,4.4,93.6,-2.4,-2.4
2006,"Sep",202.9,2.1,5.25,6.95001741289766,4.5,85.4,2,2
2006,"Sep",202.9,2.1,5.25,6.95001741289766,4.5,85.4,2,0.5
2007,"Apr",206.686,2.6,5.25,6.88078116498286,4.5,87.1,4.3,-10.3
2007,"Apr",206.686,2.6,5.25,6.88078116498286,4.5,87.1,4.3,4.3
2007,"Aug",207.917,2,5.02,5.85650055659163,4.6,83.4,2.7,-0.4
2007,"Aug",207.917,2,5.02,5.85650055659163,4.6,83.4,2.7,2.7
2007,"Dec",210.036,4.1,4.24,10.1886418915097,5,75.5,7.9,51.7
2007,"Dec",210.036,4.1,4.24,10.1886418915097,5,75.5,7.9,7.9
2007,"Feb",203.499,2.4,5.26,6.89476335832617,4.5,91.3,3.1,3.1
2007,"Feb",203.499,2.4,5.26,6.89476335832617,4.5,91.3,3.1,-1.7
2007,"Jan",202.416,2.1,5.25,5.8876016834466,4.6,96.9,-0.2,-14.7
2007,"Jan",202.416,2.1,5.25,5.8876016834466,4.6,96.9,-0.2,-0.2
2007,"Jul",208.299,2.4,5.26,6.7728678680859,4.7,90.4,5,5
2007,"Jul",208.299,2.4,5.26,6.7728678680859,4.7,90.4,5,-0.8
2007,"Jun",208.352,2.7,5.25,6.5786205788251,4.6,85.3,4.6,4.6
2007,"Jun",208.352,2.7,5.25,6.5786205788251,4.6,85.3,4.6,-5.2
2007,"Mar",205.352,2.8,5.26,7.35039701903029,4.4,88.4,4.4,-6.6
2007,"Mar",205.352,2.8,5.26,7.35039701903029,4.4,88.4,4.4,4.4
2007,"May",207.949,2.7,5.25,6.84305631050846,4.4,88.3,4.5,4.5
2007,"May",207.949,2.7,5.25,6.84305631050846,4.4,88.3,4.5,-11.5
2007,"Nov",210.177,4.3,4.49,8.16686585851687,4.7,76.1,8.7,8.7
2007,"Nov",210.177,4.3,4.49,8.16686585851687,4.7,76.1,8.7,63.7
2007,"Oct",208.936,3.5,4.76,7.8375016086826,4.7,80.9,7.7,7.7
2007,"Oct",208.936,3.5,4.76,7.8375016086826,4.7,80.9,7.7,43.2
2007,"Sep",208.49,2.8,4.94,6.57095129748568,4.7,83.4,4.9,4.9
2007,"Sep",208.49,2.8,4.94,6.57095129748568,4.7,83.4,4.9,24.6
2008,"Apr",214.823,3.9,2.28,9.31644379295562,5,62.6,11.4,11.4
2008,"Apr",214.823,3.9,2.28,9.31644379295562,5,62.6,11.4,87.4
2008,"Aug",219.086,5.4,2,8.86650146917442,6.1,63,15.4,62.5
2008,"Aug",219.086,5.4,2,8.86650146917442,6.1,63,15.4,15.4
2008,"Dec",210.228,0.1,0.16,4.0674018951764,7.3,60.1,-4.3,-57.7
2008,"Dec",210.228,0.1,0.16,4.0674018951764,7.3,60.1,-4.3,-4.3
2008,"Feb",211.693,4,2.98,9.99957896509621,4.9,70.8,9.5,63.2
2008,"Feb",211.693,4,2.98,9.99957896509621,4.9,70.8,9.5,9.5
2008,"Jan",211.08,4.3,3.94,10.8051085855744,5,78.4,10.4,72.9
2008,"Jan",211.08,4.3,3.94,10.8051085855744,5,78.4,10.4,10.4
2008,"Jul",219.964,5.6,2.01,9.16267615268848,5.8,61.2,17.4,17.4
2008,"Jul",219.964,5.6,2.01,9.16267615268848,5.8,61.2,17.4,91.8
2008,"Jun",218.815,5,2,9.77660539114665,5.6,56.4,15.4,15.4
2008,"Jun",218.815,5,2,9.77660539114665,5.6,56.4,15.4,107.2
2008,"Mar",213.528,4,2.61,9.96074925619141,5.1,69.5,11,11
2008,"Mar",213.528,4,2.61,9.96074925619141,5.1,69.5,11,90.5
2008,"May",216.632,4.2,1.98,9.93043862312641,5.4,59.8,13.4,105.7
2008,"May",216.632,4.2,1.98,9.93043862312641,5.4,59.8,13.4,13.4
2008,"Nov",212.425,1.1,0.39,6.51724045257867,6.8,55.3,-1.2,-1.2
2008,"Nov",212.425,1.1,0.39,6.51724045257867,6.8,55.3,-1.2,-40.3
2008,"Oct",216.573,3.7,0.97,6.81928490535512,6.5,57.6,6.7,6.7
2008,"Oct",216.573,3.7,0.97,6.81928490535512,6.5,57.6,6.7,-3.4
2008,"Sep",218.783,4.9,1.81,7.89793602766372,6.1,70.3,13.5,13.5
2008,"Sep",218.783,4.9,1.81,7.89793602766372,6.1,70.3,13.5,35.9
2009,"Apr",213.24,-0.7,0.15,2.10801122194515,9,65.1,-11.4,-11.4
2009,"Apr",213.24,-0.7,0.15,2.10801122194515,9,65.1,-11.4,-57.9
2009,"Aug",215.834,-1.5,0.16,2.87669122743961,9.6,65.7,-12.1,-41.4
2009,"Aug",215.834,-1.5,0.16,2.87669122743961,9.6,65.7,-12.1,-12.1
2009,"Dec",215.949,2.7,0.12,3.7328645890553,9.9,72.5,4.2,87
2009,"Dec",215.949,2.7,0.12,3.7328645890553,9.9,72.5,4.2,4.2
2009,"Feb",212.193,0.2,0.22,2.69148683898505,8.3,56.3,-7.3,-7.3
2009,"Feb",212.193,0.2,0.22,2.69148683898505,8.3,56.3,-7.3,-62.7
2009,"Jan",211.143,0,0.15,2.45686496569182,7.8,61.2,-5.4,-5.4
2009,"Jan",211.143,0,0.15,2.45686496569182,7.8,61.2,-5.4,-62.6
2009,"Jul",215.351,-2.1,0.16,2.23396867042209,9.5,66,-16.1,-58.2
2009,"Jul",215.351,-2.1,0.16,2.23396867042209,9.5,66,-16.1,-16.1
2009,"Jun",215.693,-1.4,0.21,2.18012912574881,9.5,70.8,-13.2,-48.5
2009,"Jun",215.693,-1.4,0.21,2.18012912574881,9.5,70.8,-13.2,-13.2
2009,"Mar",212.709,-0.4,0.18,1.76588908335729,8.7,57.3,-10.5,-10.5
2009,"Mar",212.709,-0.4,0.18,1.76588908335729,8.7,57.3,-10.5,-58.8
2009,"May",213.856,-1.3,0.18,2.06452951550989,9.4,68.7,-13.1,-54.9
2009,"May",213.856,-1.3,0.18,2.06452951550989,9.4,68.7,-13.1,-13.1
2009,"Nov",216.33,1.8,0.12,3.35836722473117,9.9,67.4,0.3,41.7
2009,"Nov",216.33,1.8,0.12,3.35836722473117,9.9,67.4,0.3,0.3
2009,"Oct",216.177,-0.2,0.12,3.49390481212257,10,70.6,-6,-6.6
2009,"Oct",216.177,-0.2,0.12,3.49390481212257,10,70.6,-6,-6
2009,"Sep",215.969,-1.3,0.15,3.25593231121572,9.8,73.5,-11.6,-11.6
2009,"Sep",215.969,-1.3,0.15,3.25593231121572,9.8,73.5,-11.6,-35.4
2010,"Apr",218.009,2.2,0.2,5.60976483655602,9.9,72.2,9,9
2010,"Apr",218.009,2.2,0.2,5.60976483655602,9.9,72.2,9,75.9
2010,"Aug",218.312,1.1,0.19,9.92895204262877,9.5,68.9,5.7,12.3
2010,"Aug",218.312,1.1,0.19,9.92895204262877,9.5,68.9,5.7,5.7
2010,"Dec",219.179,1.5,0.18,10.1024011299435,9.3,74.5,6.5,24.8
2010,"Dec",219.179,1.5,0.18,10.1024011299435,9.3,74.5,6.5,6.5
2010,"Feb",216.741,2.1,0.13,4.57058207175633,9.8,73.6,6.9,113.6
2010,"Feb",216.741,2.1,0.13,4.57058207175633,9.8,73.6,6.9,6.9
2010,"Jan",216.687,2.6,0.11,4.41156918911732,9.8,74.4,6.3,129.3
2010,"Jan",216.687,2.6,0.11,4.41156918911732,9.8,74.4,6.3,6.3
2010,"Jul",218.011,1.2,0.18,8.26277960000475,9.4,67.8,6.7,6.7
2010,"Jul",218.011,1.2,0.18,8.26277960000475,9.4,67.8,6.7,29.6
2010,"Jun",217.965,1.1,0.18,6.42142053195901,9.4,76,5.4,9.1
2010,"Jun",217.965,1.1,0.18,6.42142053195901,9.4,76,5.4,5.4
2010,"Mar",217.631,2.3,0.16,5.24536102182978,9.9,73.6,9,9
2010,"Mar",217.631,2.3,0.16,5.24536102182978,9.9,73.6,9,82.1
2010,"May",218.178,2,0.2,5.75990131305823,9.6,73.6,8.2,8.2
2010,"May",218.178,2,0.2,5.75990131305823,9.6,73.6,8.2,30.2
2010,"Nov",218.803,1.1,0.19,9.9120082815735,9.8,71.6,5.8,10.9
2010,"Nov",218.803,1.1,0.19,9.9120082815735,9.8,71.6,5.8,5.8
2010,"Oct",218.711,1.2,0.19,9.59379537486278,9.4,67.7,6.5,11.3
2010,"Oct",218.711,1.2,0.19,9.59379537486278,9.4,67.7,6.5,6.5
2010,"Sep",218.439,1.1,0.19,9.80791549229055,9.5,68.2,6.2,10
2010,"Sep",218.439,1.1,0.19,9.80791549229055,9.5,68.2,6.2,6.2
2011,"Apr",224.906,3.2,0.1,10.3067297778611,9.1,69.8,10.1,33.4
2011,"Apr",224.906,3.2,0.1,10.3067297778611,9.1,69.8,10.1,10.1
2011,"Aug",226.545,3.8,0.1,7.0791662340958,9,55.8,9.9,15.8
2011,"Aug",226.545,3.8,0.1,7.0791662340958,9,55.8,9.9,9.9
2011,"Dec",225.672,3,0.07,9.08450544206867,8.5,69.9,5.3,5.3
2011,"Dec",225.672,3,0.07,9.08450544206867,8.5,69.9,5.3,16.2
2011,"Feb",221.309,2.1,0.16,10.5649199520418,9,77.5,8.2,8.2
2011,"Feb",221.309,2.1,0.16,10.5649199520418,9,77.5,8.2,17.9
2011,"Jan",220.223,1.6,0.17,10.7612820846289,9.1,74.2,5.9,15.8
2011,"Jan",220.223,1.6,0.17,10.7612820846289,9.1,74.2,5.9,5.9
2011,"Jul",225.922,3.6,0.07,8.53018981760801,9,63.7,11.1,36.6
2011,"Jul",225.922,3.6,0.07,8.53018981760801,9,63.7,11.1,11.1
2011,"Jun",225.722,3.6,0.09,9.85364153792542,9.1,71.5,11.1,34.5
2011,"Jun",225.722,3.6,0.09,9.85364153792542,9.1,71.5,11.1,11.1
2011,"Mar",223.467,2.7,0.14,10.4309483214769,9,67.5,8.7,8.7
2011,"Mar",223.467,2.7,0.14,10.4309483214769,9,67.5,8.7,27
2011,"May",225.964,3.6,0.09,9.92910278350155,9,74.3,10.4,10.4
2011,"May",225.964,3.6,0.09,9.92910278350155,9,74.3,10.4,41.4
2011,"Nov",226.23,3.4,0.08,8.26681870011402,8.6,63.7,7.3,27.6
2011,"Nov",226.23,3.4,0.08,8.26681870011402,8.6,63.7,7.3,7.3
2011,"Oct",226.421,3.5,0.07,8.05998125585753,8.8,60.8,7.8,18.4
2011,"Oct",226.421,3.5,0.07,8.05998125585753,8.8,60.8,7.8,7.8
2011,"Sep",226.889,3.9,0.08,7.72979620923897,9,59.5,10.2,29.8
2011,"Sep",226.889,3.9,0.08,7.72979620923897,9,59.5,10.2,10.2
2012,"Apr",230.085,2.3,0.14,7.78798209863518,8.2,76.4,0.3,-4.2
2012,"Apr",230.085,2.3,0.14,7.78798209863518,8.2,76.4,0.3,0.3
2012,"Aug",230.379,1.7,0.13,7.03542429214525,8.1,74.3,-0.2,10.6
2012,"Aug",230.379,1.7,0.13,7.03542429214525,8.1,74.3,-0.2,-0.2
2012,"Dec",229.601,1.7,0.16,5.89124336186994,7.9,72.9,0.9,0.9
2012,"Dec",229.601,1.7,0.16,5.89124336186994,7.9,72.9,0.9,-11
2012,"Feb",227.663,2.9,0.1,7.83512810991459,8.3,75.3,3,3
2012,"Feb",227.663,2.9,0.1,7.83512810991459,8.3,75.3,3,22.3
2012,"Jan",226.665,2.9,0.08,8.45734492411965,8.3,75,4.2,15.8
2012,"Jan",226.665,2.9,0.08,8.45734492411965,8.3,75,4.2,4.2
2012,"Jul",229.104,1.4,0.16,7.28806646201404,8.2,72.3,-2.2,-12.9
2012,"Jul",229.104,1.4,0.16,7.28806646201404,8.2,72.3,-2.2,-2.2
2012,"Jun",229.478,1.7,0.16,7.4920773685936,8.2,73.2,-2,-13.1
2012,"Jun",229.478,1.7,0.16,7.4920773685936,8.2,73.2,-2,-2
2012,"Mar",229.392,2.7,0.13,8.04383071504444,8.2,76.2,2.5,2.5
2012,"Mar",229.392,2.7,0.13,8.04383071504444,8.2,76.2,2.5,7.6
2012,"May",229.815,1.7,0.16,7.71086992452208,8.2,79.3,-1.1,-1.1
2012,"May",229.815,1.7,0.16,7.71086992452208,8.2,79.3,-1.1,-5.9
2012,"Nov",230.221,1.8,0.16,6.56846222666084,7.7,82.7,0.2,-15.2
2012,"Nov",230.221,1.8,0.16,6.56846222666084,7.7,82.7,0.2,0.2
2012,"Oct",231.317,2.2,0.16,7.20971334748645,7.8,82.6,1.2,1.2
2012,"Oct",231.317,2.2,0.16,7.20971334748645,7.8,82.6,1.2,1.2
2012,"Sep",231.407,2,0.14,6.72208053902585,7.8,78.3,0.3,0.3
2012,"Sep",231.407,2,0.14,6.72208053902585,7.8,78.3,0.3,5
2013,"Apr",232.531,1.1,0.15,6.78833741375473,7.6,76.4,-0.1,-7.2
2013,"Apr",232.531,1.1,0.15,6.78833741375473,7.6,76.4,-0.1,-0.1
2013,"Aug",233.877,1.5,0.08,6.71060041694248,7.2,82.1,0.7,12.1
2013,"Aug",233.877,1.5,0.08,6.71060041694248,7.2,82.1,0.7,0.7
2013,"Dec",233.049,1.5,0.09,6.2401407306137,6.7,82.5,0.2,7.1
2013,"Dec",233.049,1.5,0.09,6.2401407306137,6.7,82.5,0.2,0.2
2013,"Feb",232.166,2,0.15,6.93869626087045,7.7,77.6,1.3,-6.9
2013,"Feb",232.166,2,0.15,6.93869626087045,7.7,77.6,1.3,1.3
2013,"Jan",230.28,1.6,0.14,6.15824026794612,8,73.8,0.9,0.9
2013,"Jan",230.28,1.6,0.14,6.15824026794612,8,73.8,0.9,-7.4
2013,"Jul",233.596,2,0.09,7.05445790803638,7.3,85.1,2.1,22.4
2013,"Jul",233.596,2,0.09,7.05445790803638,7.3,85.1,2.1,2.1
2013,"Jun",233.504,1.8,0.09,6.9584870940966,7.5,84.1,2.3,14.6
2013,"Jun",233.504,1.8,0.09,6.9584870940966,7.5,84.1,2.3,2.3
2013,"Mar",232.773,1.5,0.14,6.61404186926536,7.5,78.6,-0.1,-11.1
2013,"Mar",232.773,1.5,0.14,6.61404186926536,7.5,78.6,-0.1,-0.1
2013,"May",232.945,1.4,0.11,7.0313444260908,7.5,84.5,1.1,1.1
2013,"May",232.945,1.4,0.11,7.0313444260908,7.5,84.5,1.1,1.4
2013,"Nov",233.069,1.2,0.08,6.14939637826962,6.9,75.1,-0.3,1.4
2013,"Nov",233.069,1.2,0.08,6.14939637826962,6.9,75.1,-0.3,-0.3
2013,"Oct",233.546,1,0.09,5.90905106503169,7.2,73.2,-0.5,6.5
2013,"Oct",233.546,1,0.09,5.90905106503169,7.2,73.2,-0.5,-0.5
2013,"Sep",234.149,1.2,0.08,6.48478550701906,7.2,77.5,-0.2,-0.2
2013,"Sep",234.149,1.2,0.08,6.48478550701906,7.2,77.5,-0.2,8
2014,"Apr",237.072,2,0.09,6.33389697616641,6.2,84.1,2.4,4.8
2014,"Apr",237.072,2,0.09,6.33389697616641,6.2,84.1,2.4,2.4
2014,"Aug",237.852,1.7,0.09,5.93223480565699,6.1,82.5,1.4,-11.5
2014,"Aug",237.852,1.7,0.09,5.93223480565699,6.1,82.5,1.4,1.4
2014,"Dec",234.812,0.8,0.12,6.00699985492529,5.6,93.6,-2.5,-37.5
2014,"Dec",234.812,0.8,0.12,6.00699985492529,5.6,93.6,-2.5,-2.5
2014,"Feb",234.781,1.1,0.07,6.70578133943904,6.7,81.6,0.7,0.7
2014,"Feb",234.781,1.1,0.07,6.70578133943904,6.7,81.6,0.7,3.4
2014,"Jan",233.916,1.6,0.07,6.35812777327164,6.6,81.2,0.6,-3.3
2014,"Jan",233.916,1.6,0.07,6.35812777327164,6.6,81.2,0.6,0.6
2014,"Jul",238.25,2,0.09,5.76378275617848,6.2,81.8,1.8,1.8
2014,"Jul",238.25,2,0.09,5.76378275617848,6.2,81.8,1.8,-7.5
2014,"Jun",238.343,2.1,0.1,5.85031212271522,6.1,82.5,2,2
2014,"Jun",238.343,2.1,0.1,5.85031212271522,6.1,82.5,2,5.8
2014,"Mar",236.293,1.5,0.08,6.43981042654028,6.7,80,1.5,1.5
2014,"Mar",236.293,1.5,0.08,6.43981042654028,6.7,80,1.5,4
2014,"May",237.9,2.1,0.09,5.96526222690578,6.3,81.9,1.9,1.9
2014,"May",237.9,2.1,0.09,5.96526222690578,6.3,81.9,1.9,3.6
2014,"Nov",236.151,1.3,0.09,6.2111404868265,5.8,88.8,-0.1,-0.1
2014,"Nov",236.151,1.3,0.09,6.2111404868265,5.8,88.8,-0.1,-18.6
2014,"Oct",237.433,1.7,0.09,5.78093769109312,5.7,86.9,0.4,0.4
2014,"Oct",237.433,1.7,0.09,5.78093769109312,5.7,86.9,0.4,-21.1
2014,"Sep",238.031,1.7,0.09,6.10351157149051,5.9,84.6,1.2,1.2
2014,"Sep",238.031,1.7,0.09,6.10351157149051,5.9,84.6,1.2,-15.6
2015,"Apr",236.599,-0.2,0.12,6.84913253204701,5.4,95.9,-8.4,-50.7
2015,"Apr",236.599,-0.2,0.12,6.84913253204701,5.4,95.9,-8.4,-8.4
2015,"Aug",238.316,0.2,0.14,7.57406664690394,5.1,91.9,-7.3,-57.1
2015,"Aug",238.316,0.2,0.14,7.57406664690394,5.1,91.9,-7.3,-7.3
2015,"Dec",236.525,0.7,0.24,7.41000727646279,5,92.6,-6.9,-44.8
2015,"Dec",236.525,0.7,0.24,7.41000727646279,5,92.6,-6.9,-6.9
2015,"Feb",234.722,0,0.11,6.10787563838366,5.5,95.4,-7.1,-54.2
2015,"Feb",234.722,0,0.11,6.10787563838366,5.5,95.4,-7.1,-7.1
2015,"Jan",233.707,-0.1,0.11,6.54216573847583,5.7,98.1,-5.8,-54
2015,"Jan",233.707,-0.1,0.11,6.54216573847583,5.7,98.1,-5.8,-5.8
2015,"Jul",238.654,0.2,0.13,7.28677698231628,5.2,93.1,-6.8,-6.8
2015,"Jul",238.654,0.2,0.13,7.28677698231628,5.2,93.1,-6.8,-48.9
2015,"Jun",238.638,0.1,0.13,7.25878021562822,5.3,96.1,-6.5,-6.5
2015,"Jun",238.638,0.1,0.13,7.25878021562822,5.3,96.1,-6.5,-43.7
2015,"Mar",236.119,-0.1,0.11,6.51863359582865,5.4,93,-7.5,-7.5
2015,"Mar",236.119,-0.1,0.11,6.51863359582865,5.4,93,-7.5,-54.9
2015,"May",237.805,0,0.12,7.11000061803061,5.6,90.7,-7,-7
2015,"May",237.805,0,0.12,7.11000061803061,5.6,90.7,-7,-42.3
2015,"Nov",237.336,0.5,0.12,7.67361500081863,5.1,91.3,-7.6,-7.6
2015,"Nov",237.336,0.5,0.12,7.67361500081863,5.1,91.3,-7.6,-47.2
2015,"Oct",237.838,0.2,0.12,7.85755054741685,5,90,-7.8,-7.8
2015,"Oct",237.838,0.2,0.12,7.85755054741685,5,90,-7.8,-46.2
2015,"Sep",237.945,0,0.14,7.59293389435615,5,87.2,-8.4,-8.4
2015,"Sep",237.945,0,0.14,7.59293389435615,5,87.2,-8.4,-54.3
2016,"Apr",239.261,1.1,0.37,6.57729262035314,5.1,89,-4,-26.4
2016,"Apr",239.261,1.1,0.37,6.57729262035314,5.1,89,-4,-4
2016,"Aug",240.849,1.1,0.4,5.79214666171188,4.9,89.8,-2.8,-0.1
2016,"Aug",240.849,1.1,0.4,5.79214666171188,4.9,89.8,-2.8,-2.8
2016,"Dec",241.432,2.1,0.54,5.20657809462086,4.7,98.2,2.6,48.7
2016,"Dec",241.432,2.1,0.54,5.20657809462086,4.7,98.2,2.6,2.6
2016,"Feb",237.111,1,0.38,6.79203297397988,4.9,91.7,-5.1,-5.1
2016,"Feb",237.111,1,0.38,6.79203297397988,4.9,91.7,-5.1,-46.7
2016,"Jan",236.916,1.4,0.34,6.91942240234309,4.8,92,-4.9,-4.9
2016,"Jan",236.916,1.4,0.34,6.91942240234309,4.8,92,-4.9,-37.5
2016,"Jul",240.628,0.8,0.39,6.04557818616068,4.8,90,-3.2,-15.9
2016,"Jul",240.628,0.8,0.39,6.04557818616068,4.8,90,-3.2,-3.2
2016,"Jun",241.018,1,0.38,6.05540655349914,4.9,93.5,-3.7,-21.9
2016,"Jun",241.018,1,0.38,6.05540655349914,4.9,93.5,-3.7,-3.7
2016,"Mar",238.132,0.9,0.36,6.8259874069834,5,91,-4.9,-4.9
2016,"Mar",238.132,0.9,0.36,6.8259874069834,5,91,-4.9,-28.2
2016,"May",240.229,1,0.37,6.43127680743793,4.8,94.7,-4.2,-4.2
2016,"May",240.229,1,0.37,6.43127680743793,4.8,94.7,-4.2,-28.5
2016,"Nov",241.353,1.7,0.41,5.10825329643497,4.7,93.8,0.3,8.4
2016,"Nov",241.353,1.7,0.41,5.10825329643497,4.7,93.8,0.3,0.3
2016,"Oct",241.729,1.6,0.4,5.50964187327824,4.9,87.2,-0.4,9.3
2016,"Oct",241.729,1.6,0.4,5.50964187327824,4.9,87.2,-0.4,-0.4
2016,"Sep",241.428,1.5,0.4,5.62456327839205,5,91.2,-1.2,-1.2
2016,"Sep",241.428,1.5,0.4,5.62456327839205,5,91.2,-1.2,0.1
2017,"Apr",244.524,2.2,0.9,3.97530397530398,4.4,97,5.3,32.6
2017,"Apr",244.524,2.2,0.9,3.97530397530398,4.4,97,5.3,5.3
2017,"Aug",245.519,1.9,1.16,3.91271516851335,4.4,96.8,3.9,13.3
2017,"Aug",245.519,1.9,1.16,3.91271516851335,4.4,96.8,3.9,3.9
2017,"Dec",246.524,2.1,1.3,3.83433260658915,4.1,95.9,4.3,17.4
2017,"Dec",246.524,2.1,1.3,3.83433260658915,4.1,95.9,4.3,4.3
2017,"Feb",243.603,2.7,0.66,4.45415125621733,4.6,96.3,5.7,5.7
2017,"Feb",243.603,2.7,0.66,4.45415125621733,4.6,96.3,5.7,106.2
2017,"Jan",242.839,2.5,0.65,4.69526864474739,4.7,98.5,4.4,4.4
2017,"Jan",242.839,2.5,0.65,4.69526864474739,4.7,98.5,4.4,84.3
2017,"Jul",244.786,1.7,1.15,4.00248215947875,4.3,93.4,3.1,3.1
2017,"Jul",244.786,1.7,1.15,4.00248215947875,4.3,93.4,3.1,3.4
2017,"Jun",244.955,1.6,1.04,4.2370966107903,4.3,95,3.2,3.2
2017,"Jun",244.955,1.6,1.04,4.2370966107903,4.3,95,3.2,-3.7
2017,"Mar",243.801,2.4,0.79,4.3212764776323,4.4,96.9,5.2,43.2
2017,"Mar",243.801,2.4,0.79,4.3212764776323,4.4,96.9,5.2,5.2
2017,"May",244.733,1.9,0.91,3.96691107351007,4.4,97.1,4,9
2017,"May",244.733,1.9,0.91,3.96691107351007,4.4,97.1,4,4
2017,"Nov",246.669,2.2,1.16,3.32030508860471,4.2,98.5,5.2,5.2
2017,"Nov",246.669,2.2,1.16,3.32030508860471,4.2,98.5,5.2,31.3
2017,"Oct",246.663,2,1.15,3.44209257252736,4.2,100.7,4.4,4.4
2017,"Oct",246.663,2,1.15,3.44209257252736,4.2,100.7,4.4,7.2
2017,"Sep",246.819,2.2,1.15,3.77744882227966,4.3,95.1,4.2,4.2
2017,"Sep",246.819,2.2,1.15,3.77744882227966,4.3,95.1,4.2,14.6
2018,"Apr",250.546,2.5,1.69,4.10371655949387,4,98.8,3.8,3.8
2018,"Apr",250.546,2.5,1.69,4.10371655949387,4,98.8,3.8,32.7
2018,"Aug",252.146,2.7,1.91,5.35395771806193,3.8,96.2,5,44.9
2018,"Aug",252.146,2.7,1.91,5.35395771806193,3.8,96.2,5,5
2018,"Dec",251.233,1.9,2.27,6.9324227745573,3.9,98.3,2.4,-16
2018,"Dec",251.233,1.9,2.27,6.9324227745573,3.9,98.3,2.4,2.4
2018,"Feb",248.991,2.2,1.42,4.21004538849857,4.1,99.7,4,20
2018,"Feb",248.991,2.2,1.42,4.21004538849857,4.1,99.7,4,4
2018,"Jan",247.867,2.1,1.41,4.23558463264245,4,95.7,3.8,29.4
2018,"Jan",247.867,2.1,1.41,4.23558463264245,4,95.7,3.8,3.8
2018,"Jul",252.006,2.9,1.91,5.1156302767785,3.8,97.9,5.6,5.6
2018,"Jul",252.006,2.9,1.91,5.1156302767785,3.8,97.9,5.6,63.6
2018,"Jun",251.989,2.9,1.82,4.81012471513175,4,98.2,5.5,52.3
2018,"Jun",251.989,2.9,1.82,4.81012471513175,4,98.2,5.5,5.5
2018,"Mar",249.554,2.4,1.51,4.0624115166237,4,101.4,4.1,4.1
2018,"Mar",249.554,2.4,1.51,4.0624115166237,4,101.4,4.1,32.7
2018,"May",251.588,2.8,1.7,4.36873836333008,3.8,98,5.4,53.7
2018,"May",251.588,2.8,1.7,4.36873836333008,3.8,98,5.4,5.4
2018,"Nov",252.038,2.2,2.2,7.30435160568236,3.8,97.5,3.3,3.3
2018,"Nov",252.038,2.2,2.2,7.30435160568236,3.8,97.5,3.3,-1
2018,"Oct",252.885,2.5,2.19,6.64639191719773,3.8,98.6,5,5
2018,"Oct",252.885,2.5,2.19,6.64639191719773,3.8,98.6,5,43.3
2018,"Sep",252.439,2.3,1.95,5.75859380124033,3.7,100.1,4.5,4.5
2018,"Sep",252.439,2.3,1.95,5.75859380124033,3.7,100.1,4.5,44.7
2019,"Apr",255.548,2,2.42,17.5647175732965,3.6,97.2,0.9,0.9
2019,"Apr",255.548,2,2.42,17.5647175732965,3.6,97.2,0.9,-4.6
2019,"Aug",256.558,1.7,2.13,24.2010516373684,3.7,89.8,-2.1,-17.1
2019,"Aug",256.558,1.7,2.13,24.2010516373684,3.7,89.8,-2.1,-2.1
2019,"Dec",256.974,2.3,1.55,26.4632141961724,3.6,99.3,-1,19.1
2019,"Dec",256.974,2.3,1.55,26.4632141961724,3.6,99.3,-1,-1
2019,"Feb",252.776,1.5,2.4,7.08544808845308,3.8,93.8,-0.1,-0.1
2019,"Feb",252.776,1.5,2.4,7.08544808845308,3.8,93.8,-0.1,-12.4
2019,"Jan",251.712,1.6,2.4,7.00162962749311,4,91.2,0.6,0.6
2019,"Jan",251.712,1.6,2.4,7.00162962749311,4,91.2,0.6,-21
2019,"Jul",256.571,1.8,2.4,24.3290655726109,3.7,98.4,-1.8,-20.4
2019,"Jul",256.571,1.8,2.4,24.3290655726109,3.7,98.4,-1.8,-1.8
2019,"Jun",256.143,1.6,2.38,23.8948846312027,3.6,98.2,-1.9,-18.6
2019,"Jun",256.143,1.6,2.38,23.8948846312027,3.6,98.2,-1.9,-1.9
2019,"Mar",254.202,1.9,2.41,10.550284629981,3.8,98.4,0.8,0.8
2019,"Mar",254.202,1.9,2.41,10.550284629981,3.8,98.4,0.8,-8.6
2019,"May",256.092,1.8,2.39,22.7779676950688,3.7,100,-0.7,-0.7
2019,"May",256.092,1.8,2.39,22.7779676950688,3.7,100,-0.7,-13.7
2019,"Nov",257.208,2.1,1.55,26.0827435119649,3.6,96.8,-1.6,-1
2019,"Nov",257.208,2.1,1.55,26.0827435119649,3.6,96.8,-1.6,-1.6
2019,"Oct",257.346,1.8,1.83,25.2106687282567,3.6,95.5,-2.9,-28.4
2019,"Oct",257.346,1.8,1.83,25.2106687282567,3.6,95.5,-2.9,-2.9
2019,"Sep",256.759,1.7,2.04,25.0868825010904,3.5,93.2,-2.6,-2.6
2019,"Sep",256.759,1.7,2.04,25.0868825010904,3.5,93.2,-2.6,-20
2020,"Apr",256.389,0.3,0.05,21.3644178529675,14.7,71.8,-8.2,-74
2020,"Apr",256.389,0.3,0.05,21.3644178529675,14.7,71.8,-8.2,-8.2
2020,"Aug",259.918,1.3,0.1,16.5612139572917,8.4,74.1,-2.5,-33.5
2020,"Aug",259.918,1.3,0.1,16.5612139572917,8.4,74.1,-2.5,-2.5
2020,"Dec",260.474,1.4,0.09,15.4003825289997,6.7,80.7,0.8,-24.7
2020,"Dec",260.474,1.4,0.09,15.4003825289997,6.7,80.7,0.8,0.8
2020,"Feb",258.678,2.3,1.58,28.6941260200521,3.5,101,-1.3,-9.7
2020,"Feb",258.678,2.3,1.58,28.6941260200521,3.5,101,-1.3,-1.3
2020,"Jan",257.971,2.5,1.55,27.4787260581534,3.5,99.8,0.1,12.2
2020,"Jan",257.971,2.5,1.55,27.4787260581534,3.5,99.8,0.1,0.1
2020,"Jul",259.101,1,0.09,15.719505453761,10.2,72.5,-3.8,-38.4
2020,"Jul",259.101,1,0.09,15.719505453761,10.2,72.5,-3.8,-3.8
2020,"Jun",257.797,0.6,0.08,15.7718166291648,11,78.1,-4.5,-38.5
2020,"Jun",257.797,0.6,0.08,15.7718166291648,11,78.1,-4.5,-4.5
2020,"Mar",258.115,1.5,0.65,26.6341389457435,4.4,89.1,-3.8,-43.5
2020,"Mar",258.115,1.5,0.65,26.6341389457435,4.4,89.1,-3.8,-3.8
2020,"May",256.394,0.1,0.05,17.6333504185888,13.2,72.3,-6.5,-6.5
2020,"May",256.394,0.1,0.05,17.6333504185888,13.2,72.3,-6.5,-63.5
2020,"Nov",260.229,1.2,0.09,15.5666594535046,6.7,76.9,-0.4,-31.5
2020,"Nov",260.229,1.2,0.09,15.5666594535046,6.7,76.9,-0.4,-0.4
2020,"Oct",260.388,1.2,0.09,15.8641592160695,6.9,81.8,-1.1,-29.6
2020,"Oct",260.388,1.2,0.09,15.8641592160695,6.9,81.8,-1.1,-1.1
2020,"Sep",260.28,1.4,0.09,15.8955800810407,7.9,80.4,-1.5,-1.5
2020,"Sep",260.28,1.4,0.09,15.8955800810407,7.9,80.4,-1.5,-35.3
2021,"Apr",267.054,4.2,0.07,9.05464792709687,6.1,88.3,17.5,17.5
2021,"Apr",267.054,4.2,0.07,9.05464792709687,6.1,88.3,17.5,260
2021,"Aug",273.567,5.3,0.09,4.42754164101278,5.2,70.3,20.1,20.1
2021,"Aug",273.567,5.3,0.09,4.42754164101278,5.2,70.3,20.1,77.9
2021,"Dec",278.802,7,0.08,-1.26524015502983,3.9,70.6,20.4,60.8
2021,"Dec",278.802,7,0.08,-1.26524015502983,3.9,70.6,20.4,20.4
2021,"Feb",263.014,1.7,0.08,13.5115377897386,6.2,76.8,7.1,14.3
2021,"Feb",263.014,1.7,0.08,13.5115377897386,6.2,76.8,7.1,7.1
2021,"Jan",261.582,1.4,0.09,14.7612616707138,6.3,79,2.8,-12.9
2021,"Jan",261.582,1.4,0.09,14.7612616707138,6.3,79,2.8,2.8
2021,"Jul",273.003,5.4,0.1,5.63667009609702,5.4,81.2,20.1,100.2
2021,"Jul",273.003,5.4,0.1,5.63667009609702,5.4,81.2,20.1,20.1
2021,"Jun",271.696,5.4,0.08,6.3466228220209,5.9,85.5,19.7,19.7
2021,"Jun",271.696,5.4,0.08,6.3466228220209,5.9,85.5,19.7,105.7
2021,"Mar",264.877,2.6,0.07,11.8248759704957,6.1,84.9,11.3,88.3
2021,"Mar",264.877,2.6,0.07,11.8248759704957,6.1,84.9,11.3,11.3
2021,"May",269.195,5,0.06,6.93070417479866,5.8,82.9,19.2,19.2
2021,"May",269.195,5,0.06,6.93070417479866,5.8,82.9,19.2,183.2
2021,"Nov",277.948,6.8,0.08,0.327981228084036,4.2,67.4,22.7,108.9
2021,"Nov",277.948,6.8,0.08,0.327981228084036,4.2,67.4,22.7,22.7
2021,"Oct",276.589,6.2,0.08,1.5935893397682,4.5,71.7,22.4,114.9
2021,"Oct",276.589,6.2,0.08,1.5935893397682,4.5,71.7,22.4,22.4
2021,"Sep",274.31,5.4,0.08,3.01979451612208,4.8,72.8,20.6,92
2021,"Sep",274.31,5.4,0.08,3.01979451612208,4.8,72.8,20.6,20.6
2022,"Apr",289.109,8.3,0.33,0.094506205078465,3.6,65.2,21.8,21.8
2022,"Apr",289.109,8.3,0.33,0.094506205078465,3.6,65.2,21.8,71.2
2022,"Aug",296.171,8.3,2.33,0.103245262723178,3.7,58.2,15.5,15.5
2022,"Aug",296.171,8.3,2.33,0.103245262723178,3.7,58.2,15.5,39.3
2022,"Dec",296.797,6.5,4.1,0.104757869643963,3.5,59.7,6.9,5.8
2022,"Dec",296.797,6.5,4.1,0.104757869643963,3.5,59.7,6.9,6.9
2022,"Feb",283.716,7.9,0.08,0.0810786003487911,3.8,62.8,20,64
2022,"Feb",283.716,7.9,0.08,0.0810786003487911,3.8,62.8,20,20
2022,"Jan",281.148,7.5,0.08,-1.92903465653271,4,67.2,20.3,64
2022,"Jan",281.148,7.5,0.08,-1.92903465653271,4,67.2,20.3,20.3
2022,"Jul",296.276,8.5,1.68,0.106770201407425,3.5,51.5,17.4,37.5
2022,"Jul",296.276,8.5,1.68,0.106770201407425,3.5,51.5,17.4,17.4
2022,"Jun",296.311,9.1,1.21,0.104147821452495,3.6,50,22.4,68.1
2022,"Jun",296.311,9.1,1.21,0.104147821452495,3.6,50,22.4,22.4
2022,"Mar",287.504,8.5,0.2,0.0911889323841625,3.6,59.4,20.9,66.7
2022,"Mar",287.504,8.5,0.2,0.0911889323841625,3.6,59.4,20.9,20.9
2022,"May",292.296,8.6,0.77,0.0970065160942627,3.6,58.4,21.5,63.5
2022,"May",292.296,8.6,0.77,0.0970065160942627,3.6,58.4,21.5,21.5
2022,"Nov",297.711,7.1,3.78,0.101225958834777,3.6,56.8,8.2,8.3
2022,"Nov",297.711,7.1,3.78,0.101225958834777,3.6,56.8,8.2,8.2
2022,"Oct",298.012,7.7,3.08,0.0998400666231346,3.7,59.9,10.2,12.1
2022,"Oct",298.012,7.7,3.08,0.0998400666231346,3.7,59.9,10.2,10.2
2022,"Sep",296.808,8.2,2.56,0.0987788641862198,3.5,58.6,13.7,13.7
2022,"Sep",296.808,8.2,2.56,0.0987788641862198,3.5,58.6,13.7,24.7
2023,"Jan",299.17,6.4,4.33,0.106743312369748,3.4,64.9,5.5,5.5
